Image Filename,Original File,Cleaned File,Branding Removed Yes/No,Branding Still Visible Yes/No,Garment Altered Yes/No,Color Altered Yes/No,Embroidery/Fabric Altered Yes/No,Model/Product Shape Altered Yes/No,Quality Issue Yes/No,Approved For Shopify Yes/No,Reason
luxemia-pastel-pink-mirror-saree-gown-for-weddings-image-1.jpg,luxemia_supplier_REJECTED_BRANDED_IMAGES/luxemia-pastel-pink-mirror-saree-gown-for-weddings-image-1.jpg,luxemia_image_cleaning_tool/cleaned_attempts/luxemia-pastel-pink-mirror-saree-gown-for-weddings-image-1.jpg,Yes,No,No,No,No,No,Yes,No,Warning: large mask area; inspect for garment/background distortion.
luxemia-pastel-pink-mirror-saree-gown-for-weddings-image-2.jpg,luxemia_supplier_REJECTED_BRANDED_IMAGES/luxemia-pastel-pink-mirror-saree-gown-for-weddings-image-2.jpg,luxemia_image_cleaning_tool/cleaned_attempts/luxemia-pastel-pink-mirror-saree-gown-for-weddings-image-2.jpg,Yes,No,No,No,No,No,Yes,No,Warning: large mask area; inspect for garment/background distortion.
luxemia-pastel-pink-mirror-saree-gown-for-weddings-image-3.jpg,luxemia_supplier_REJECTED_BRANDED_IMAGES/luxemia-pastel-pink-mirror-saree-gown-for-weddings-image-3.jpg,luxemia_image_cleaning_tool/cleaned_attempts/luxemia-pastel-pink-mirror-saree-gown-for-weddings-image-3.jpg,Yes,No,No,No,No,No,Yes,No,Warning: large mask area; inspect for garment/background distortion.
luxemia-pastel-pink-mirror-saree-gown-for-weddings-image-4.jpg,luxemia_supplier_REJECTED_BRANDED_IMAGES/luxemia-pastel-pink-mirror-saree-gown-for-weddings-image-4.jpg,luxemia_image_cleaning_tool/cleaned_attempts/luxemia-pastel-pink-mirror-saree-gown-for-weddings-image-4.jpg,No,Yes,No,No,No,No,Yes,No,Logo-color pixels remain in mask (121627 after vs 94229 before). Warning: large mask area; inspect for garment/background distortion.
luxemia-sky-blue-peach-beaded-palazzo-set-for-festive-events-image-1.jpg,luxemia_supplier_REJECTED_BRANDED_IMAGES/luxemia-sky-blue-peach-beaded-palazzo-set-for-festive-events-image-1.jpg,luxemia_image_cleaning_tool/cleaned_attempts/luxemia-sky-blue-peach-beaded-palazzo-set-for-festive-events-image-1.jpg,No,Yes,No,No,No,No,Yes,No,Unmasked lower/central logo-like branding still appears likely (score 244). Warning: large mask area; inspect for garment/background distortion.
luxemia-sky-blue-peach-beaded-palazzo-set-for-festive-events-image-2.jpg,luxemia_supplier_REJECTED_BRANDED_IMAGES/luxemia-sky-blue-peach-beaded-palazzo-set-for-festive-events-image-2.jpg,luxemia_image_cleaning_tool/cleaned_attempts/luxemia-sky-blue-peach-beaded-palazzo-set-for-festive-events-image-2.jpg,No,Yes,No,No,No,No,Yes,No,Unmasked lower/central logo-like branding still appears likely (score 213). Warning: large mask area; inspect for garment/background distortion.
luxemia-sky-blue-peach-beaded-palazzo-set-for-festive-events-image-3.jpg,luxemia_supplier_REJECTED_BRANDED_IMAGES/luxemia-sky-blue-peach-beaded-palazzo-set-for-festive-events-image-3.jpg,luxemia_image_cleaning_tool/cleaned_attempts/luxemia-sky-blue-peach-beaded-palazzo-set-for-festive-events-image-3.jpg,No,Yes,No,No,No,No,Yes,No,Unmasked lower/central logo-like branding still appears likely (score 203).
luxemia-brown-pink-mint-green-beaded-skirt-set-for-festive-events-image-1.jpg,luxemia_supplier_REJECTED_BRANDED_IMAGES/luxemia-brown-pink-mint-green-beaded-skirt-set-for-festive-events-image-1.jpg,luxemia_image_cleaning_tool/cleaned_attempts/luxemia-brown-pink-mint-green-beaded-skirt-set-for-festive-events-image-1.jpg,Yes,No,No,No,No,No,Yes,No,Warning: large mask area; inspect for garment/background distortion.
luxemia-brown-pink-mint-green-beaded-skirt-set-for-festive-events-image-3.jpg,luxemia_supplier_REJECTED_BRANDED_IMAGES/luxemia-brown-pink-mint-green-beaded-skirt-set-for-festive-events-image-3.jpg,luxemia_image_cleaning_tool/cleaned_attempts/luxemia-brown-pink-mint-green-beaded-skirt-set-for-festive-events-image-3.jpg,Yes,No,No,No,No,No,Yes,No,Warning: large mask area; inspect for garment/background distortion.
luxemia-brown-pink-mint-green-beaded-skirt-set-for-festive-events-image-4.jpg,luxemia_supplier_REJECTED_BRANDED_IMAGES/luxemia-brown-pink-mint-green-beaded-skirt-set-for-festive-events-image-4.jpg,luxemia_image_cleaning_tool/cleaned_attempts/luxemia-brown-pink-mint-green-beaded-skirt-set-for-festive-events-image-4.jpg,No,Yes,No,No,No,No,Yes,No,Logo-color pixels remain in mask (119050 after vs 63155 before). Warning: large mask area; inspect for garment/background distortion.
luxemia-yellow-moti-suit-set-for-festive-events-image-1.jpg,luxemia_supplier_REJECTED_BRANDED_IMAGES/luxemia-yellow-moti-suit-set-for-festive-events-image-1.jpg,luxemia_image_cleaning_tool/cleaned_attempts/luxemia-yellow-moti-suit-set-for-festive-events-image-1.jpg,No,Yes,No,No,No,No,Yes,No,Logo-color pixels remain in mask (2610 after vs 20749 before). Warning: large mask area; inspect for garment/background distortion.
luxemia-yellow-moti-suit-set-for-festive-events-image-2.jpg,luxemia_supplier_REJECTED_BRANDED_IMAGES/luxemia-yellow-moti-suit-set-for-festive-events-image-2.jpg,luxemia_image_cleaning_tool/cleaned_attempts/luxemia-yellow-moti-suit-set-for-festive-events-image-2.jpg,No,Yes,No,No,No,No,Yes,No,Logo-color pixels remain in mask (119753 after vs 78041 before). Warning: large mask area; inspect for garment/background distortion.
luxemia-yellow-moti-suit-set-for-festive-events-image-3.jpg,luxemia_supplier_REJECTED_BRANDED_IMAGES/luxemia-yellow-moti-suit-set-for-festive-events-image-3.jpg,luxemia_image_cleaning_tool/cleaned_attempts/luxemia-yellow-moti-suit-set-for-festive-events-image-3.jpg,No,Yes,No,No,No,No,Yes,No,Logo-color pixels remain in mask (117095 after vs 25057 before). Warning: large mask area; inspect for garment/background distortion.
luxemia-yellow-moti-suit-set-for-festive-events-image-4.jpg,luxemia_supplier_REJECTED_BRANDED_IMAGES/luxemia-yellow-moti-suit-set-for-festive-events-image-4.jpg,luxemia_image_cleaning_tool/cleaned_attempts/luxemia-yellow-moti-suit-set-for-festive-events-image-4.jpg,No,Yes,No,No,No,No,Yes,No,Logo-color pixels remain in mask (116656 after vs 40491 before). Warning: large mask area; inspect for garment/background distortion.
luxemia-pink-mirror-palazzo-set-for-festive-events-image-1.jpg,luxemia_supplier_REJECTED_BRANDED_IMAGES/luxemia-pink-mirror-palazzo-set-for-festive-events-image-1.jpg,luxemia_image_cleaning_tool/cleaned_attempts/luxemia-pink-mirror-palazzo-set-for-festive-events-image-1.jpg,Yes,No,No,No,No,No,Yes,No,Warning: large mask area; inspect for garment/background distortion.
luxemia-pink-mirror-palazzo-set-for-festive-events-image-2.jpg,luxemia_supplier_REJECTED_BRANDED_IMAGES/luxemia-pink-mirror-palazzo-set-for-festive-events-image-2.jpg,luxemia_image_cleaning_tool/cleaned_attempts/luxemia-pink-mirror-palazzo-set-for-festive-events-image-2.jpg,No,Yes,No,No,No,No,Yes,No,Logo-color pixels remain in mask (4371 after vs 12511 before). Warning: large mask area; inspect for garment/background distortion.
luxemia-pink-mirror-palazzo-set-for-festive-events-image-3.jpg,luxemia_supplier_REJECTED_BRANDED_IMAGES/luxemia-pink-mirror-palazzo-set-for-festive-events-image-3.jpg,luxemia_image_cleaning_tool/cleaned_attempts/luxemia-pink-mirror-palazzo-set-for-festive-events-image-3.jpg,Yes,No,No,No,No,No,Yes,No,Warning: large mask area; inspect for garment/background distortion.
luxemia-pink-mirror-palazzo-set-for-festive-events-image-4.jpg,luxemia_supplier_REJECTED_BRANDED_IMAGES/luxemia-pink-mirror-palazzo-set-for-festive-events-image-4.jpg,luxemia_image_cleaning_tool/cleaned_attempts/luxemia-pink-mirror-palazzo-set-for-festive-events-image-4.jpg,Yes,No,No,No,No,No,Yes,No,Warning: large mask area; inspect for garment/background distortion.
luxemia-grey-moti-sharara-suit-for-festive-events-image-2.jpg,luxemia_supplier_REJECTED_BRANDED_IMAGES/luxemia-grey-moti-sharara-suit-for-festive-events-image-2.jpg,luxemia_image_cleaning_tool/cleaned_attempts/luxemia-grey-moti-sharara-suit-for-festive-events-image-2.jpg,Yes,No,No,No,No,No,Yes,No,Warning: large mask area; inspect for garment/background distortion.
luxemia-purple-mirror-anarkali-suit-for-festive-events-image-1.jpg,luxemia_supplier_REJECTED_BRANDED_IMAGES/luxemia-purple-mirror-anarkali-suit-for-festive-events-image-1.jpg,luxemia_image_cleaning_tool/cleaned_attempts/luxemia-purple-mirror-anarkali-suit-for-festive-events-image-1.jpg,Yes,No,No,No,No,No,Yes,No,Warning: large mask area; inspect for garment/background distortion.
luxemia-purple-mirror-anarkali-suit-for-festive-events-image-2.jpg,luxemia_supplier_REJECTED_BRANDED_IMAGES/luxemia-purple-mirror-anarkali-suit-for-festive-events-image-2.jpg,luxemia_image_cleaning_tool/cleaned_attempts/luxemia-purple-mirror-anarkali-suit-for-festive-events-image-2.jpg,Yes,No,No,No,No,No,Yes,No,Warning: large mask area; inspect for garment/background distortion.
luxemia-purple-mirror-anarkali-suit-for-festive-events-image-3.jpg,luxemia_supplier_REJECTED_BRANDED_IMAGES/luxemia-purple-mirror-anarkali-suit-for-festive-events-image-3.jpg,luxemia_image_cleaning_tool/cleaned_attempts/luxemia-purple-mirror-anarkali-suit-for-festive-events-image-3.jpg,No,Yes,No,No,No,No,Yes,No,Logo-color pixels remain in mask (107321 after vs 54475 before). Warning: large mask area; inspect for garment/background distortion.
luxemia-yellow-stone-palazzo-set-for-festive-events-image-3.jpg,luxemia_supplier_REJECTED_BRANDED_IMAGES/luxemia-yellow-stone-palazzo-set-for-festive-events-image-3.jpg,luxemia_image_cleaning_tool/cleaned_attempts/luxemia-yellow-stone-palazzo-set-for-festive-events-image-3.jpg,No,Yes,No,No,No,No,Yes,No,Logo-color pixels remain in mask (100667 after vs 19517 before). Warning: large mask area; inspect for garment/background distortion.
luxemia-yellow-stone-palazzo-set-for-festive-events-image-4.jpg,luxemia_supplier_REJECTED_BRANDED_IMAGES/luxemia-yellow-stone-palazzo-set-for-festive-events-image-4.jpg,luxemia_image_cleaning_tool/cleaned_attempts/luxemia-yellow-stone-palazzo-set-for-festive-events-image-4.jpg,Yes,No,No,No,No,No,Yes,No,Warning: large mask area; inspect for garment/background distortion.
luxemia-wine-beaded-pre-draped-saree-with-blouse-for-weddings-image-1.jpg,luxemia_supplier_REJECTED_BRANDED_IMAGES/luxemia-wine-beaded-pre-draped-saree-with-blouse-for-weddings-image-1.jpg,luxemia_image_cleaning_tool/cleaned_attempts/luxemia-wine-beaded-pre-draped-saree-with-blouse-for-weddings-image-1.jpg,No,Yes,No,No,No,No,Yes,No,Logo-color pixels remain in mask (121633 after vs 96007 before). Unmasked lower/central logo-like branding still appears likely (score 222). Warning: large mask area; inspect for garment/background distortion.
luxemia-wine-beaded-pre-draped-saree-with-blouse-for-weddings-image-2.jpg,luxemia_supplier_REJECTED_BRANDED_IMAGES/luxemia-wine-beaded-pre-draped-saree-with-blouse-for-weddings-image-2.jpg,luxemia_image_cleaning_tool/cleaned_attempts/luxemia-wine-beaded-pre-draped-saree-with-blouse-for-weddings-image-2.jpg,No,Yes,No,No,No,No,Yes,No,Logo-color pixels remain in mask (122483 after vs 97496 before). Unmasked lower/central logo-like branding still appears likely (score 220). Warning: large mask area; inspect for garment/background distortion.
luxemia-wine-beaded-pre-draped-saree-with-blouse-for-weddings-image-3.jpg,luxemia_supplier_REJECTED_BRANDED_IMAGES/luxemia-wine-beaded-pre-draped-saree-with-blouse-for-weddings-image-3.jpg,luxemia_image_cleaning_tool/cleaned_attempts/luxemia-wine-beaded-pre-draped-saree-with-blouse-for-weddings-image-3.jpg,No,Yes,No,No,No,No,Yes,No,Unmasked lower/central logo-like branding still appears likely (score 253).
luxemia-wine-beaded-pre-draped-saree-with-blouse-for-weddings-image-4.jpg,luxemia_supplier_REJECTED_BRANDED_IMAGES/luxemia-wine-beaded-pre-draped-saree-with-blouse-for-weddings-image-4.jpg,luxemia_image_cleaning_tool/cleaned_attempts/luxemia-wine-beaded-pre-draped-saree-with-blouse-for-weddings-image-4.jpg,No,Yes,No,No,No,No,Yes,No,Unmasked lower/central logo-like branding still appears likely (score 256).
luxemia-green-mirror-pre-draped-saree-with-blouse-for-receptions-image-2.jpg,luxemia_supplier_REJECTED_BRANDED_IMAGES/luxemia-green-mirror-pre-draped-saree-with-blouse-for-receptions-image-2.jpg,luxemia_image_cleaning_tool/cleaned_attempts/luxemia-green-mirror-pre-draped-saree-with-blouse-for-receptions-image-2.jpg,No,Yes,No,No,No,No,Yes,No,Logo-color pixels remain in mask (801 after vs 3975 before). Warning: large mask area; inspect for garment/background distortion.
luxemia-green-mirror-pre-draped-saree-with-blouse-for-receptions-image-4.jpg,luxemia_supplier_REJECTED_BRANDED_IMAGES/luxemia-green-mirror-pre-draped-saree-with-blouse-for-receptions-image-4.jpg,luxemia_image_cleaning_tool/cleaned_attempts/luxemia-green-mirror-pre-draped-saree-with-blouse-for-receptions-image-4.jpg,Yes,No,No,No,No,No,Yes,No,Warning: large mask area; inspect for garment/background distortion.
luxemia-pink-beaded-pre-draped-saree-with-blouse-for-weddings-image-1.jpg,luxemia_supplier_REJECTED_BRANDED_IMAGES/luxemia-pink-beaded-pre-draped-saree-with-blouse-for-weddings-image-1.jpg,luxemia_image_cleaning_tool/cleaned_attempts/luxemia-pink-beaded-pre-draped-saree-with-blouse-for-weddings-image-1.jpg,No,Yes,No,No,No,No,Yes,No,Logo-color pixels remain in mask (120141 after vs 83520 before). Warning: large mask area; inspect for garment/background distortion.
luxemia-pink-beaded-pre-draped-saree-with-blouse-for-weddings-image-2.jpg,luxemia_supplier_REJECTED_BRANDED_IMAGES/luxemia-pink-beaded-pre-draped-saree-with-blouse-for-weddings-image-2.jpg,luxemia_image_cleaning_tool/cleaned_attempts/luxemia-pink-beaded-pre-draped-saree-with-blouse-for-weddings-image-2.jpg,No,Yes,No,No,No,No,Yes,No,Logo-color pixels remain in mask (118253 after vs 72921 before). Warning: large mask area; inspect for garment/background distortion.
luxemia-pink-beaded-pre-draped-saree-with-blouse-for-weddings-image-3.jpg,luxemia_supplier_REJECTED_BRANDED_IMAGES/luxemia-pink-beaded-pre-draped-saree-with-blouse-for-weddings-image-3.jpg,luxemia_image_cleaning_tool/cleaned_attempts/luxemia-pink-beaded-pre-draped-saree-with-blouse-for-weddings-image-3.jpg,No,Yes,No,No,No,No,Yes,No,Logo-color pixels remain in mask (122005 after vs 103044 before). Warning: large mask area; inspect for garment/background distortion.
luxemia-pink-beaded-pre-draped-saree-with-blouse-for-weddings-image-4.jpg,luxemia_supplier_REJECTED_BRANDED_IMAGES/luxemia-pink-beaded-pre-draped-saree-with-blouse-for-weddings-image-4.jpg,luxemia_image_cleaning_tool/cleaned_attempts/luxemia-pink-beaded-pre-draped-saree-with-blouse-for-weddings-image-4.jpg,No,Yes,No,No,No,No,Yes,No,Logo-color pixels remain in mask (121821 after vs 97337 before). Warning: large mask area; inspect for garment/background distortion.
luxemia-cream-beaded-pre-draped-saree-with-blouse-for-weddings-image-1.jpg,luxemia_supplier_REJECTED_BRANDED_IMAGES/luxemia-cream-beaded-pre-draped-saree-with-blouse-for-weddings-image-1.jpg,luxemia_image_cleaning_tool/cleaned_attempts/luxemia-cream-beaded-pre-draped-saree-with-blouse-for-weddings-image-1.jpg,No,Yes,No,No,No,No,Yes,No,Logo-color pixels remain in mask (120121 after vs 58450 before). Warning: large mask area; inspect for garment/background distortion.
luxemia-cream-beaded-pre-draped-saree-with-blouse-for-weddings-image-2.jpg,luxemia_supplier_REJECTED_BRANDED_IMAGES/luxemia-cream-beaded-pre-draped-saree-with-blouse-for-weddings-image-2.jpg,luxemia_image_cleaning_tool/cleaned_attempts/luxemia-cream-beaded-pre-draped-saree-with-blouse-for-weddings-image-2.jpg,No,Yes,No,No,No,No,Yes,No,Logo-color pixels remain in mask (120179 after vs 98822 before). Warning: large mask area; inspect for garment/background distortion.
luxemia-cream-beaded-skirt-set-for-festive-events-image-4.jpg,luxemia_supplier_REJECTED_BRANDED_IMAGES/luxemia-cream-beaded-skirt-set-for-festive-events-image-4.jpg,luxemia_image_cleaning_tool/cleaned_attempts/luxemia-cream-beaded-skirt-set-for-festive-events-image-4.jpg,Yes,No,No,No,No,No,Yes,No,Warning: large mask area; inspect for garment/background distortion.
luxemia-champagne-beaded-lehenga-choli-with-dupatta-for-weddings-image-1.jpg,luxemia_supplier_REJECTED_BRANDED_IMAGES/luxemia-champagne-beaded-lehenga-choli-with-dupatta-for-weddings-image-1.jpg,luxemia_image_cleaning_tool/cleaned_attempts/luxemia-champagne-beaded-lehenga-choli-with-dupatta-for-weddings-image-1.jpg,No,Yes,No,No,No,No,Yes,No,Logo-color pixels remain in mask (1847 after vs 14928 before). Warning: large mask area; inspect for garment/background distortion.
luxemia-champagne-beaded-lehenga-choli-with-dupatta-for-weddings-image-2.jpg,luxemia_supplier_REJECTED_BRANDED_IMAGES/luxemia-champagne-beaded-lehenga-choli-with-dupatta-for-weddings-image-2.jpg,luxemia_image_cleaning_tool/cleaned_attempts/luxemia-champagne-beaded-lehenga-choli-with-dupatta-for-weddings-image-2.jpg,Yes,No,No,No,No,No,Yes,No,Warning: large mask area; inspect for garment/background distortion.
luxemia-champagne-beaded-lehenga-choli-with-dupatta-for-weddings-image-3.jpg,luxemia_supplier_REJECTED_BRANDED_IMAGES/luxemia-champagne-beaded-lehenga-choli-with-dupatta-for-weddings-image-3.jpg,luxemia_image_cleaning_tool/cleaned_attempts/luxemia-champagne-beaded-lehenga-choli-with-dupatta-for-weddings-image-3.jpg,Yes,No,No,No,No,No,Yes,No,Warning: large mask area; inspect for garment/background distortion.
luxemia-champagne-beaded-lehenga-choli-with-dupatta-for-weddings-image-4.jpg,luxemia_supplier_REJECTED_BRANDED_IMAGES/luxemia-champagne-beaded-lehenga-choli-with-dupatta-for-weddings-image-4.jpg,luxemia_image_cleaning_tool/cleaned_attempts/luxemia-champagne-beaded-lehenga-choli-with-dupatta-for-weddings-image-4.jpg,Yes,No,No,No,No,No,Yes,No,Warning: large mask area; inspect for garment/background distortion.
luxemia-orange-mirror-pre-draped-saree-with-blouse-for-weddings-image-1.jpg,luxemia_supplier_REJECTED_BRANDED_IMAGES/luxemia-orange-mirror-pre-draped-saree-with-blouse-for-weddings-image-1.jpg,luxemia_image_cleaning_tool/cleaned_attempts/luxemia-orange-mirror-pre-draped-saree-with-blouse-for-weddings-image-1.jpg,No,Yes,No,No,No,No,Yes,No,Logo-color pixels remain in mask (118792 after vs 92838 before). Warning: large mask area; inspect for garment/background distortion.
luxemia-orange-mirror-pre-draped-saree-with-blouse-for-weddings-image-2.jpg,luxemia_supplier_REJECTED_BRANDED_IMAGES/luxemia-orange-mirror-pre-draped-saree-with-blouse-for-weddings-image-2.jpg,luxemia_image_cleaning_tool/cleaned_attempts/luxemia-orange-mirror-pre-draped-saree-with-blouse-for-weddings-image-2.jpg,No,Yes,No,No,No,No,Yes,No,Logo-color pixels remain in mask (77960 after vs 37726 before).
luxemia-orange-mirror-pre-draped-saree-with-blouse-for-weddings-image-3.jpg,luxemia_supplier_REJECTED_BRANDED_IMAGES/luxemia-orange-mirror-pre-draped-saree-with-blouse-for-weddings-image-3.jpg,luxemia_image_cleaning_tool/cleaned_attempts/luxemia-orange-mirror-pre-draped-saree-with-blouse-for-weddings-image-3.jpg,No,Yes,No,No,No,No,Yes,No,Logo-color pixels remain in mask (90691 after vs 37810 before). Warning: large mask area; inspect for garment/background distortion.
luxemia-orange-mirror-pre-draped-saree-with-blouse-for-weddings-image-4.jpg,luxemia_supplier_REJECTED_BRANDED_IMAGES/luxemia-orange-mirror-pre-draped-saree-with-blouse-for-weddings-image-4.jpg,luxemia_image_cleaning_tool/cleaned_attempts/luxemia-orange-mirror-pre-draped-saree-with-blouse-for-weddings-image-4.jpg,No,Yes,No,No,No,No,Yes,No,Logo-color pixels remain in mask (97589 after vs 67604 before). Warning: large mask area; inspect for garment/background distortion.
luxemia-turquoise-mirror-pre-draped-saree-with-blouse-for-weddings-image-1.jpg,luxemia_supplier_REJECTED_BRANDED_IMAGES/luxemia-turquoise-mirror-pre-draped-saree-with-blouse-for-weddings-image-1.jpg,luxemia_image_cleaning_tool/cleaned_attempts/luxemia-turquoise-mirror-pre-draped-saree-with-blouse-for-weddings-image-1.jpg,No,Yes,No,No,No,No,Yes,No,Logo-color pixels remain in mask (121602 after vs 108658 before). Unmasked lower/central logo-like branding still appears likely (score 270). Warning: large mask area; inspect for garment/background distortion.
luxemia-turquoise-mirror-pre-draped-saree-with-blouse-for-weddings-image-2.jpg,luxemia_supplier_REJECTED_BRANDED_IMAGES/luxemia-turquoise-mirror-pre-draped-saree-with-blouse-for-weddings-image-2.jpg,luxemia_image_cleaning_tool/cleaned_attempts/luxemia-turquoise-mirror-pre-draped-saree-with-blouse-for-weddings-image-2.jpg,No,Yes,No,No,No,No,Yes,No,Logo-color pixels remain in mask (111711 after vs 91547 before). Unmasked lower/central logo-like branding still appears likely (score 251). Warning: large mask area; inspect for garment/background distortion.
luxemia-wine-mirror-pre-draped-saree-with-blouse-for-weddings-image-1.jpg,luxemia_supplier_REJECTED_BRANDED_IMAGES/luxemia-wine-mirror-pre-draped-saree-with-blouse-for-weddings-image-1.jpg,luxemia_image_cleaning_tool/cleaned_attempts/luxemia-wine-mirror-pre-draped-saree-with-blouse-for-weddings-image-1.jpg,No,Yes,No,No,No,No,Yes,No,Logo-color pixels remain in mask (121602 after vs 109381 before). Warning: large mask area; inspect for garment/background distortion.
luxemia-wine-mirror-pre-draped-saree-with-blouse-for-weddings-image-2.jpg,luxemia_supplier_REJECTED_BRANDED_IMAGES/luxemia-wine-mirror-pre-draped-saree-with-blouse-for-weddings-image-2.jpg,luxemia_image_cleaning_tool/cleaned_attempts/luxemia-wine-mirror-pre-draped-saree-with-blouse-for-weddings-image-2.jpg,No,Yes,No,No,No,No,Yes,No,Logo-color pixels remain in mask (102988 after vs 93554 before). Warning: large mask area; inspect for garment/background distortion.
luxemia-pink-embroidered-lehenga-choli-with-dupatta-for-weddings-image-1.jpg,luxemia_supplier_REJECTED_BRANDED_IMAGES/luxemia-pink-embroidered-lehenga-choli-with-dupatta-for-weddings-image-1.jpg,luxemia_image_cleaning_tool/cleaned_attempts/luxemia-pink-embroidered-lehenga-choli-with-dupatta-for-weddings-image-1.jpg,No,Yes,No,No,No,No,Yes,No,Logo-color pixels remain in mask (120397 after vs 56329 before). Warning: large mask area; inspect for garment/background distortion.
luxemia-pink-embroidered-lehenga-choli-with-dupatta-for-weddings-image-2.jpg,luxemia_supplier_REJECTED_BRANDED_IMAGES/luxemia-pink-embroidered-lehenga-choli-with-dupatta-for-weddings-image-2.jpg,luxemia_image_cleaning_tool/cleaned_attempts/luxemia-pink-embroidered-lehenga-choli-with-dupatta-for-weddings-image-2.jpg,No,Yes,No,No,No,No,Yes,No,Logo-color pixels remain in mask (118645 after vs 59894 before). Warning: large mask area; inspect for garment/background distortion.
luxemia-pink-embroidered-lehenga-choli-with-dupatta-for-weddings-image-3.jpg,luxemia_supplier_REJECTED_BRANDED_IMAGES/luxemia-pink-embroidered-lehenga-choli-with-dupatta-for-weddings-image-3.jpg,luxemia_image_cleaning_tool/cleaned_attempts/luxemia-pink-embroidered-lehenga-choli-with-dupatta-for-weddings-image-3.jpg,No,Yes,No,No,No,No,Yes,No,Logo-color pixels remain in mask (8934 after vs 53720 before). Warning: large mask area; inspect for garment/background distortion.
luxemia-pink-embroidered-lehenga-choli-with-dupatta-for-weddings-image-4.jpg,luxemia_supplier_REJECTED_BRANDED_IMAGES/luxemia-pink-embroidered-lehenga-choli-with-dupatta-for-weddings-image-4.jpg,luxemia_image_cleaning_tool/cleaned_attempts/luxemia-pink-embroidered-lehenga-choli-with-dupatta-for-weddings-image-4.jpg,Yes,No,No,No,No,No,Yes,No,Warning: large mask area; inspect for garment/background distortion.
luxemia-pistachio-embroidered-lehenga-choli-with-dupatta-for-weddings-image-1.jpg,luxemia_supplier_REJECTED_BRANDED_IMAGES/luxemia-pistachio-embroidered-lehenga-choli-with-dupatta-for-weddings-image-1.jpg,luxemia_image_cleaning_tool/cleaned_attempts/luxemia-pistachio-embroidered-lehenga-choli-with-dupatta-for-weddings-image-1.jpg,No,Yes,No,No,No,No,Yes,No,Logo-color pixels remain in mask (118091 after vs 28940 before). Warning: large mask area; inspect for garment/background distortion.
luxemia-pistachio-embroidered-lehenga-choli-with-dupatta-for-weddings-image-2.jpg,luxemia_supplier_REJECTED_BRANDED_IMAGES/luxemia-pistachio-embroidered-lehenga-choli-with-dupatta-for-weddings-image-2.jpg,luxemia_image_cleaning_tool/cleaned_attempts/luxemia-pistachio-embroidered-lehenga-choli-with-dupatta-for-weddings-image-2.jpg,No,Yes,No,No,No,No,Yes,No,Logo-color pixels remain in mask (117942 after vs 35401 before). Warning: large mask area; inspect for garment/background distortion.
luxemia-pistachio-rust-brown-mirror-palazzo-set-for-festive-events-image-3.jpg,luxemia_supplier_REJECTED_BRANDED_IMAGES/luxemia-pistachio-rust-brown-mirror-palazzo-set-for-festive-events-image-3.jpg,luxemia_image_cleaning_tool/cleaned_attempts/luxemia-pistachio-rust-brown-mirror-palazzo-set-for-festive-events-image-3.jpg,Yes,No,No,No,No,No,Yes,No,Warning: large mask area; inspect for garment/background distortion.
luxemia-green-stone-skirt-set-for-festive-events-image-2.jpg,luxemia_supplier_REJECTED_BRANDED_IMAGES/luxemia-green-stone-skirt-set-for-festive-events-image-2.jpg,luxemia_image_cleaning_tool/cleaned_attempts/luxemia-green-stone-skirt-set-for-festive-events-image-2.jpg,Yes,No,No,No,No,No,Yes,No,Warning: large mask area; inspect for garment/background distortion.
luxemia-blue-pistachio-peach-mirror-skirt-set-for-festive-events-image-1.jpg,luxemia_supplier_REJECTED_BRANDED_IMAGES/luxemia-blue-pistachio-peach-mirror-skirt-set-for-festive-events-image-1.jpg,luxemia_image_cleaning_tool/cleaned_attempts/luxemia-blue-pistachio-peach-mirror-skirt-set-for-festive-events-image-1.jpg,No,Yes,No,No,No,No,Yes,No,Logo-color pixels remain in mask (122695 after vs 121910 before). Unmasked lower/central logo-like branding still appears likely (score 196). Warning: large mask area; inspect for garment/background distortion.
luxemia-blue-pistachio-peach-mirror-skirt-set-for-festive-events-image-2.jpg,luxemia_supplier_REJECTED_BRANDED_IMAGES/luxemia-blue-pistachio-peach-mirror-skirt-set-for-festive-events-image-2.jpg,luxemia_image_cleaning_tool/cleaned_attempts/luxemia-blue-pistachio-peach-mirror-skirt-set-for-festive-events-image-2.jpg,No,Yes,No,No,No,No,Yes,No,Logo-color pixels remain in mask (121403 after vs 67685 before). Unmasked lower/central logo-like branding still appears likely (score 182). Warning: large mask area; inspect for garment/background distortion.
luxemia-blue-pistachio-peach-mirror-skirt-set-for-festive-events-image-3.jpg,luxemia_supplier_REJECTED_BRANDED_IMAGES/luxemia-blue-pistachio-peach-mirror-skirt-set-for-festive-events-image-3.jpg,luxemia_image_cleaning_tool/cleaned_attempts/luxemia-blue-pistachio-peach-mirror-skirt-set-for-festive-events-image-3.jpg,No,Yes,No,No,No,No,Yes,No,Logo-color pixels remain in mask (121991 after vs 102222 before). Warning: large mask area; inspect for garment/background distortion.
luxemia-orange-turquoise-rani-mirror-lehenga-choli-with-dupatta-for-weddings-image-1.jpg,luxemia_supplier_REJECTED_BRANDED_IMAGES/luxemia-orange-turquoise-rani-mirror-lehenga-choli-with-dupatta-for-weddings-image-1.jpg,luxemia_image_cleaning_tool/cleaned_attempts/luxemia-orange-turquoise-rani-mirror-lehenga-choli-with-dupatta-for-weddings-image-1.jpg,No,Yes,No,No,No,No,Yes,No,Logo-color pixels remain in mask (119105 after vs 118286 before). Unmasked lower/central logo-like branding still appears likely (score 200). Warning: large mask area; inspect for garment/background distortion.
luxemia-orange-turquoise-rani-mirror-lehenga-choli-with-dupatta-for-weddings-image-2.jpg,luxemia_supplier_REJECTED_BRANDED_IMAGES/luxemia-orange-turquoise-rani-mirror-lehenga-choli-with-dupatta-for-weddings-image-2.jpg,luxemia_image_cleaning_tool/cleaned_attempts/luxemia-orange-turquoise-rani-mirror-lehenga-choli-with-dupatta-for-weddings-image-2.jpg,Yes,No,No,No,No,No,Yes,No,Warning: large mask area; inspect for garment/background distortion.
luxemia-orange-turquoise-rani-mirror-lehenga-choli-with-dupatta-for-weddings-image-4.jpg,luxemia_supplier_REJECTED_BRANDED_IMAGES/luxemia-orange-turquoise-rani-mirror-lehenga-choli-with-dupatta-for-weddings-image-4.jpg,luxemia_image_cleaning_tool/cleaned_attempts/luxemia-orange-turquoise-rani-mirror-lehenga-choli-with-dupatta-for-weddings-image-4.jpg,No,Yes,No,No,No,No,Yes,No,Logo-color pixels remain in mask (121268 after vs 75889 before). Warning: large mask area; inspect for garment/background distortion.
luxemia-orange-green-magenta-mirror-skirt-set-for-festive-events-image-2.jpg,luxemia_supplier_REJECTED_BRANDED_IMAGES/luxemia-orange-green-magenta-mirror-skirt-set-for-festive-events-image-2.jpg,luxemia_image_cleaning_tool/cleaned_attempts/luxemia-orange-green-magenta-mirror-skirt-set-for-festive-events-image-2.jpg,Yes,No,No,No,No,No,Yes,No,Warning: large mask area; inspect for garment/background distortion.
luxemia-black-mirror-lehenga-choli-with-dupatta-for-weddings-image-3.jpg,luxemia_supplier_REJECTED_BRANDED_IMAGES/luxemia-black-mirror-lehenga-choli-with-dupatta-for-weddings-image-3.jpg,luxemia_image_cleaning_tool/cleaned_attempts/luxemia-black-mirror-lehenga-choli-with-dupatta-for-weddings-image-3.jpg,Yes,No,No,No,No,No,Yes,No,Warning: large mask area; inspect for garment/background distortion.
luxemia-blue-mirror-lehenga-choli-with-dupatta-for-weddings-image-1.jpg,luxemia_supplier_REJECTED_BRANDED_IMAGES/luxemia-blue-mirror-lehenga-choli-with-dupatta-for-weddings-image-1.jpg,luxemia_image_cleaning_tool/cleaned_attempts/luxemia-blue-mirror-lehenga-choli-with-dupatta-for-weddings-image-1.jpg,No,Yes,No,No,No,No,Yes,No,Unmasked lower/central logo-like branding still appears likely (score 242).
luxemia-blue-mirror-lehenga-choli-with-dupatta-for-weddings-image-2.jpg,luxemia_supplier_REJECTED_BRANDED_IMAGES/luxemia-blue-mirror-lehenga-choli-with-dupatta-for-weddings-image-2.jpg,luxemia_image_cleaning_tool/cleaned_attempts/luxemia-blue-mirror-lehenga-choli-with-dupatta-for-weddings-image-2.jpg,No,Yes,No,No,No,No,Yes,No,Unmasked lower/central logo-like branding still appears likely (score 224).
luxemia-blue-mirror-lehenga-choli-with-dupatta-for-weddings-image-3.jpg,luxemia_supplier_REJECTED_BRANDED_IMAGES/luxemia-blue-mirror-lehenga-choli-with-dupatta-for-weddings-image-3.jpg,luxemia_image_cleaning_tool/cleaned_attempts/luxemia-blue-mirror-lehenga-choli-with-dupatta-for-weddings-image-3.jpg,No,Yes,No,No,No,No,Yes,No,Unmasked lower/central logo-like branding still appears likely (score 166).
luxemia-black-mirror-skirt-set-for-festive-events-image-2.jpg,luxemia_supplier_REJECTED_BRANDED_IMAGES/luxemia-black-mirror-skirt-set-for-festive-events-image-2.jpg,luxemia_image_cleaning_tool/cleaned_attempts/luxemia-black-mirror-skirt-set-for-festive-events-image-2.jpg,No,Yes,No,No,No,No,Yes,No,Logo-color pixels remain in mask (102853 after vs 98172 before). Warning: large mask area; inspect for garment/background distortion.
luxemia-black-mirror-skirt-set-for-festive-events-image-3.jpg,luxemia_supplier_REJECTED_BRANDED_IMAGES/luxemia-black-mirror-skirt-set-for-festive-events-image-3.jpg,luxemia_image_cleaning_tool/cleaned_attempts/luxemia-black-mirror-skirt-set-for-festive-events-image-3.jpg,No,Yes,No,No,No,No,Yes,No,Logo-color pixels remain in mask (122695 after vs 122134 before). Warning: large mask area; inspect for garment/background distortion.
luxemia-black-mirror-skirt-set-for-festive-events-image-4.jpg,luxemia_supplier_REJECTED_BRANDED_IMAGES/luxemia-black-mirror-skirt-set-for-festive-events-image-4.jpg,luxemia_image_cleaning_tool/cleaned_attempts/luxemia-black-mirror-skirt-set-for-festive-events-image-4.jpg,No,Yes,No,No,No,No,Yes,No,Logo-color pixels remain in mask (113279 after vs 101069 before). Warning: large mask area; inspect for garment/background distortion.
luxemia-green-sequined-pre-draped-saree-with-blouse-for-weddings-image-1.jpg,luxemia_supplier_REJECTED_BRANDED_IMAGES/luxemia-green-sequined-pre-draped-saree-with-blouse-for-weddings-image-1.jpg,luxemia_image_cleaning_tool/cleaned_attempts/luxemia-green-sequined-pre-draped-saree-with-blouse-for-weddings-image-1.jpg,No,Yes,No,No,No,No,Yes,No,Logo-color pixels remain in mask (122535 after vs 98914 before). Warning: large mask area; inspect for garment/background distortion.
luxemia-green-sequined-pre-draped-saree-with-blouse-for-weddings-image-2.jpg,luxemia_supplier_REJECTED_BRANDED_IMAGES/luxemia-green-sequined-pre-draped-saree-with-blouse-for-weddings-image-2.jpg,luxemia_image_cleaning_tool/cleaned_attempts/luxemia-green-sequined-pre-draped-saree-with-blouse-for-weddings-image-2.jpg,No,Yes,No,No,No,No,Yes,No,Logo-color pixels remain in mask (122437 after vs 110941 before). Warning: large mask area; inspect for garment/background distortion.
luxemia-green-sequined-pre-draped-saree-with-blouse-for-weddings-image-3.jpg,luxemia_supplier_REJECTED_BRANDED_IMAGES/luxemia-green-sequined-pre-draped-saree-with-blouse-for-weddings-image-3.jpg,luxemia_image_cleaning_tool/cleaned_attempts/luxemia-green-sequined-pre-draped-saree-with-blouse-for-weddings-image-3.jpg,No,Yes,No,No,No,No,Yes,No,Logo-color pixels remain in mask (122695 after vs 122695 before). Warning: large mask area; inspect for garment/background distortion.
luxemia-bottle-green-moti-cape-set-for-festive-events-image-3.jpg,luxemia_supplier_REJECTED_BRANDED_IMAGES/luxemia-bottle-green-moti-cape-set-for-festive-events-image-3.jpg,luxemia_image_cleaning_tool/cleaned_attempts/luxemia-bottle-green-moti-cape-set-for-festive-events-image-3.jpg,Yes,No,No,No,No,No,Yes,No,Warning: large mask area; inspect for garment/background distortion.
luxemia-bottle-green-moti-cape-set-for-festive-events-image-4.jpg,luxemia_supplier_REJECTED_BRANDED_IMAGES/luxemia-bottle-green-moti-cape-set-for-festive-events-image-4.jpg,luxemia_image_cleaning_tool/cleaned_attempts/luxemia-bottle-green-moti-cape-set-for-festive-events-image-4.jpg,Yes,No,No,No,No,No,Yes,No,Warning: large mask area; inspect for garment/background distortion.
luxemia-bottle-green-moti-cape-set-for-festive-events-image-5.jpg,luxemia_supplier_REJECTED_BRANDED_IMAGES/luxemia-bottle-green-moti-cape-set-for-festive-events-image-5.jpg,luxemia_image_cleaning_tool/cleaned_attempts/luxemia-bottle-green-moti-cape-set-for-festive-events-image-5.jpg,Yes,No,No,No,No,No,Yes,No,Warning: large mask area; inspect for garment/background distortion.
luxemia-cream-mirror-pre-draped-saree-with-blouse-for-weddings-image-1.jpg,luxemia_supplier_REJECTED_BRANDED_IMAGES/luxemia-cream-mirror-pre-draped-saree-with-blouse-for-weddings-image-1.jpg,luxemia_image_cleaning_tool/cleaned_attempts/luxemia-cream-mirror-pre-draped-saree-with-blouse-for-weddings-image-1.jpg,No,Yes,No,No,No,No,Yes,No,Logo-color pixels remain in mask (88927 after vs 42748 before). Warning: large mask area; inspect for garment/background distortion.
luxemia-cream-mirror-pre-draped-saree-with-blouse-for-weddings-image-2.jpg,luxemia_supplier_REJECTED_BRANDED_IMAGES/luxemia-cream-mirror-pre-draped-saree-with-blouse-for-weddings-image-2.jpg,luxemia_image_cleaning_tool/cleaned_attempts/luxemia-cream-mirror-pre-draped-saree-with-blouse-for-weddings-image-2.jpg,No,Yes,No,No,No,No,Yes,No,Unmasked lower/central logo-like branding still appears likely (score 180). Warning: large mask area; inspect for garment/background distortion.
luxemia-cream-mirror-pre-draped-saree-with-blouse-for-weddings-image-3.jpg,luxemia_supplier_REJECTED_BRANDED_IMAGES/luxemia-cream-mirror-pre-draped-saree-with-blouse-for-weddings-image-3.jpg,luxemia_image_cleaning_tool/cleaned_attempts/luxemia-cream-mirror-pre-draped-saree-with-blouse-for-weddings-image-3.jpg,Yes,No,No,No,No,No,Yes,No,Warning: large mask area; inspect for garment/background distortion.
luxemia-cream-mirror-pre-draped-saree-with-blouse-for-weddings-image-4.jpg,luxemia_supplier_REJECTED_BRANDED_IMAGES/luxemia-cream-mirror-pre-draped-saree-with-blouse-for-weddings-image-4.jpg,luxemia_image_cleaning_tool/cleaned_attempts/luxemia-cream-mirror-pre-draped-saree-with-blouse-for-weddings-image-4.jpg,No,Yes,No,No,No,No,Yes,No,Logo-color pixels remain in mask (122480 after vs 73182 before). Warning: large mask area; inspect for garment/background distortion.
luxemia-pink-mirror-lehenga-choli-with-dupatta-for-weddings-image-2.jpg,luxemia_supplier_REJECTED_BRANDED_IMAGES/luxemia-pink-mirror-lehenga-choli-with-dupatta-for-weddings-image-2.jpg,luxemia_image_cleaning_tool/cleaned_attempts/luxemia-pink-mirror-lehenga-choli-with-dupatta-for-weddings-image-2.jpg,No,Yes,No,No,No,No,Yes,No,Logo-color pixels remain in mask (122695 after vs 121014 before). Warning: large mask area; inspect for garment/background distortion.
luxemia-pink-mirror-lehenga-choli-with-dupatta-for-weddings-image-3.jpg,luxemia_supplier_REJECTED_BRANDED_IMAGES/luxemia-pink-mirror-lehenga-choli-with-dupatta-for-weddings-image-3.jpg,luxemia_image_cleaning_tool/cleaned_attempts/luxemia-pink-mirror-lehenga-choli-with-dupatta-for-weddings-image-3.jpg,No,Yes,No,No,No,No,Yes,No,Logo-color pixels remain in mask (122597 after vs 120848 before). Warning: large mask area; inspect for garment/background distortion.
luxemia-pink-mirror-lehenga-choli-with-dupatta-for-weddings-image-4.jpg,luxemia_supplier_REJECTED_BRANDED_IMAGES/luxemia-pink-mirror-lehenga-choli-with-dupatta-for-weddings-image-4.jpg,luxemia_image_cleaning_tool/cleaned_attempts/luxemia-pink-mirror-lehenga-choli-with-dupatta-for-weddings-image-4.jpg,No,Yes,No,No,No,No,Yes,No,Logo-color pixels remain in mask (122547 after vs 116838 before). Warning: large mask area; inspect for garment/background distortion.
luxemia-orange-top-set-for-festive-events-image-1.jpg,luxemia_supplier_REJECTED_BRANDED_IMAGES/luxemia-orange-top-set-for-festive-events-image-1.jpg,luxemia_image_cleaning_tool/cleaned_attempts/luxemia-orange-top-set-for-festive-events-image-1.jpg,Yes,No,No,No,No,No,Yes,No,Warning: large mask area; inspect for garment/background distortion.
luxemia-orange-top-set-for-festive-events-image-2.jpg,luxemia_supplier_REJECTED_BRANDED_IMAGES/luxemia-orange-top-set-for-festive-events-image-2.jpg,luxemia_image_cleaning_tool/cleaned_attempts/luxemia-orange-top-set-for-festive-events-image-2.jpg,Yes,No,No,No,No,No,Yes,No,Warning: large mask area; inspect for garment/background distortion.
luxemia-orange-top-set-for-festive-events-image-3.jpg,luxemia_supplier_REJECTED_BRANDED_IMAGES/luxemia-orange-top-set-for-festive-events-image-3.jpg,luxemia_image_cleaning_tool/cleaned_attempts/luxemia-orange-top-set-for-festive-events-image-3.jpg,Yes,No,No,No,No,No,Yes,No,Warning: large mask area; inspect for garment/background distortion.
luxemia-orange-top-set-for-festive-events-image-4.jpg,luxemia_supplier_REJECTED_BRANDED_IMAGES/luxemia-orange-top-set-for-festive-events-image-4.jpg,luxemia_image_cleaning_tool/cleaned_attempts/luxemia-orange-top-set-for-festive-events-image-4.jpg,Yes,No,No,No,No,No,Yes,No,Warning: large mask area; inspect for garment/background distortion.
luxemia-black-mirror-lehenga-choli-with-dupatta-for-receptions-image-4.jpg,luxemia_supplier_REJECTED_BRANDED_IMAGES/luxemia-black-mirror-lehenga-choli-with-dupatta-for-receptions-image-4.jpg,luxemia_image_cleaning_tool/cleaned_attempts/luxemia-black-mirror-lehenga-choli-with-dupatta-for-receptions-image-4.jpg,No,Yes,No,No,No,No,Yes,No,Logo-color pixels remain in mask (188 after vs 853 before).
luxemia-black-mirror-lehenga-choli-with-dupatta-for-receptions-image-5.jpg,luxemia_supplier_REJECTED_BRANDED_IMAGES/luxemia-black-mirror-lehenga-choli-with-dupatta-for-receptions-image-5.jpg,luxemia_image_cleaning_tool/cleaned_attempts/luxemia-black-mirror-lehenga-choli-with-dupatta-for-receptions-image-5.jpg,Yes,No,No,No,No,No,Yes,No,Warning: large mask area; inspect for garment/background distortion.
luxemia-orange-mirror-pre-draped-saree-with-blouse-for-receptions-image-1.jpg,luxemia_supplier_REJECTED_BRANDED_IMAGES/luxemia-orange-mirror-pre-draped-saree-with-blouse-for-receptions-image-1.jpg,luxemia_image_cleaning_tool/cleaned_attempts/luxemia-orange-mirror-pre-draped-saree-with-blouse-for-receptions-image-1.jpg,No,Yes,No,No,No,No,Yes,No,Logo-color pixels remain in mask (121495 after vs 71395 before). Warning: large mask area; inspect for garment/background distortion.
luxemia-orange-mirror-pre-draped-saree-with-blouse-for-receptions-image-2.jpg,luxemia_supplier_REJECTED_BRANDED_IMAGES/luxemia-orange-mirror-pre-draped-saree-with-blouse-for-receptions-image-2.jpg,luxemia_image_cleaning_tool/cleaned_attempts/luxemia-orange-mirror-pre-draped-saree-with-blouse-for-receptions-image-2.jpg,No,Yes,No,No,No,No,Yes,No,Logo-color pixels remain in mask (120565 after vs 109732 before). Warning: large mask area; inspect for garment/background distortion.
luxemia-orange-mirror-pre-draped-saree-with-blouse-for-receptions-image-3.jpg,luxemia_supplier_REJECTED_BRANDED_IMAGES/luxemia-orange-mirror-pre-draped-saree-with-blouse-for-receptions-image-3.jpg,luxemia_image_cleaning_tool/cleaned_attempts/luxemia-orange-mirror-pre-draped-saree-with-blouse-for-receptions-image-3.jpg,No,Yes,No,No,No,No,Yes,No,Logo-color pixels remain in mask (122102 after vs 111453 before). Warning: large mask area; inspect for garment/background distortion.
luxemia-orange-moti-pre-draped-saree-with-blouse-for-weddings-image-1.jpg,luxemia_supplier_REJECTED_BRANDED_IMAGES/luxemia-orange-moti-pre-draped-saree-with-blouse-for-weddings-image-1.jpg,luxemia_image_cleaning_tool/cleaned_attempts/luxemia-orange-moti-pre-draped-saree-with-blouse-for-weddings-image-1.jpg,No,Yes,No,No,No,No,Yes,No,Logo-color pixels remain in mask (118091 after vs 80736 before). Warning: large mask area; inspect for garment/background distortion.
luxemia-orange-moti-pre-draped-saree-with-blouse-for-weddings-image-2.jpg,luxemia_supplier_REJECTED_BRANDED_IMAGES/luxemia-orange-moti-pre-draped-saree-with-blouse-for-weddings-image-2.jpg,luxemia_image_cleaning_tool/cleaned_attempts/luxemia-orange-moti-pre-draped-saree-with-blouse-for-weddings-image-2.jpg,No,Yes,No,No,No,No,Yes,No,Logo-color pixels remain in mask (110365 after vs 77275 before). Warning: large mask area; inspect for garment/background distortion.
luxemia-orange-moti-pre-draped-saree-with-blouse-for-weddings-image-3.jpg,luxemia_supplier_REJECTED_BRANDED_IMAGES/luxemia-orange-moti-pre-draped-saree-with-blouse-for-weddings-image-3.jpg,luxemia_image_cleaning_tool/cleaned_attempts/luxemia-orange-moti-pre-draped-saree-with-blouse-for-weddings-image-3.jpg,No,Yes,No,No,No,No,Yes,No,Logo-color pixels remain in mask (122695 after vs 116405 before). Warning: large mask area; inspect for garment/background distortion.
luxemia-orange-moti-pre-draped-saree-with-blouse-for-weddings-image-4.jpg,luxemia_supplier_REJECTED_BRANDED_IMAGES/luxemia-orange-moti-pre-draped-saree-with-blouse-for-weddings-image-4.jpg,luxemia_image_cleaning_tool/cleaned_attempts/luxemia-orange-moti-pre-draped-saree-with-blouse-for-weddings-image-4.jpg,No,Yes,No,No,No,No,Yes,No,Logo-color pixels remain in mask (10762 after vs 65523 before). Warning: large mask area; inspect for garment/background distortion.
luxemia-orange-moti-pre-draped-saree-with-blouse-for-weddings-image-5.jpg,luxemia_supplier_REJECTED_BRANDED_IMAGES/luxemia-orange-moti-pre-draped-saree-with-blouse-for-weddings-image-5.jpg,luxemia_image_cleaning_tool/cleaned_attempts/luxemia-orange-moti-pre-draped-saree-with-blouse-for-weddings-image-5.jpg,No,Yes,No,No,No,No,Yes,No,Logo-color pixels remain in mask (122540 after vs 119718 before). Warning: large mask area; inspect for garment/background distortion.
luxemia-wine-moti-pre-draped-saree-with-blouse-for-weddings-image-1.jpg,luxemia_supplier_REJECTED_BRANDED_IMAGES/luxemia-wine-moti-pre-draped-saree-with-blouse-for-weddings-image-1.jpg,luxemia_image_cleaning_tool/cleaned_attempts/luxemia-wine-moti-pre-draped-saree-with-blouse-for-weddings-image-1.jpg,No,Yes,No,No,No,No,Yes,No,Logo-color pixels remain in mask (122634 after vs 119118 before). Warning: large mask area; inspect for garment/background distortion.
luxemia-cream-beaded-sharara-suit-for-festive-events-image-1.jpg,luxemia_supplier_REJECTED_BRANDED_IMAGES/luxemia-cream-beaded-sharara-suit-for-festive-events-image-1.jpg,luxemia_image_cleaning_tool/cleaned_attempts/luxemia-cream-beaded-sharara-suit-for-festive-events-image-1.jpg,Yes,No,No,No,No,No,Yes,No,Warning: large mask area; inspect for garment/background distortion.
luxemia-cream-beaded-sharara-suit-for-festive-events-image-2.jpg,luxemia_supplier_REJECTED_BRANDED_IMAGES/luxemia-cream-beaded-sharara-suit-for-festive-events-image-2.jpg,luxemia_image_cleaning_tool/cleaned_attempts/luxemia-cream-beaded-sharara-suit-for-festive-events-image-2.jpg,No,Yes,No,No,No,No,Yes,No,Logo-color pixels remain in mask (118912 after vs 65042 before). Warning: large mask area; inspect for garment/background distortion.
luxemia-cream-beaded-sharara-suit-for-festive-events-image-3.jpg,luxemia_supplier_REJECTED_BRANDED_IMAGES/luxemia-cream-beaded-sharara-suit-for-festive-events-image-3.jpg,luxemia_image_cleaning_tool/cleaned_attempts/luxemia-cream-beaded-sharara-suit-for-festive-events-image-3.jpg,No,Yes,No,No,No,No,Yes,No,Logo-color pixels remain in mask (119050 after vs 33575 before). Warning: large mask area; inspect for garment/background distortion.
luxemia-cream-beaded-sharara-suit-for-festive-events-image-4.jpg,luxemia_supplier_REJECTED_BRANDED_IMAGES/luxemia-cream-beaded-sharara-suit-for-festive-events-image-4.jpg,luxemia_image_cleaning_tool/cleaned_attempts/luxemia-cream-beaded-sharara-suit-for-festive-events-image-4.jpg,No,Yes,No,No,No,No,Yes,No,Logo-color pixels remain in mask (116004 after vs 45585 before). Warning: large mask area; inspect for garment/background distortion.
luxemia-cream-stone-pre-draped-saree-with-blouse-for-weddings-image-1.jpg,luxemia_supplier_REJECTED_BRANDED_IMAGES/luxemia-cream-stone-pre-draped-saree-with-blouse-for-weddings-image-1.jpg,luxemia_image_cleaning_tool/cleaned_attempts/luxemia-cream-stone-pre-draped-saree-with-blouse-for-weddings-image-1.jpg,No,Yes,No,No,No,No,Yes,No,Unmasked lower/central logo-like branding still appears likely (score 219). Warning: large mask area; inspect for garment/background distortion.
luxemia-blue-mirror-lehenga-choli-with-dupatta-for-receptions-image-1.jpg,luxemia_supplier_REJECTED_BRANDED_IMAGES/luxemia-blue-mirror-lehenga-choli-with-dupatta-for-receptions-image-1.jpg,luxemia_image_cleaning_tool/cleaned_attempts/luxemia-blue-mirror-lehenga-choli-with-dupatta-for-receptions-image-1.jpg,No,Yes,No,No,No,No,Yes,No,Unmasked lower/central logo-like branding still appears likely (score 236).
luxemia-rani-blue-moti-sharara-suit-for-festive-events-image-2.jpg,luxemia_supplier_REJECTED_BRANDED_IMAGES/luxemia-rani-blue-moti-sharara-suit-for-festive-events-image-2.jpg,luxemia_image_cleaning_tool/cleaned_attempts/luxemia-rani-blue-moti-sharara-suit-for-festive-events-image-2.jpg,No,Yes,No,No,No,No,Yes,No,Logo-color pixels remain in mask (83393 after vs 23466 before).
luxemia-rani-blue-moti-sharara-suit-for-festive-events-image-3.jpg,luxemia_supplier_REJECTED_BRANDED_IMAGES/luxemia-rani-blue-moti-sharara-suit-for-festive-events-image-3.jpg,luxemia_image_cleaning_tool/cleaned_attempts/luxemia-rani-blue-moti-sharara-suit-for-festive-events-image-3.jpg,Yes,No,No,No,No,No,Yes,No,Warning: large mask area; inspect for garment/background distortion.
luxemia-rani-blue-moti-sharara-suit-for-festive-events-image-4.jpg,luxemia_supplier_REJECTED_BRANDED_IMAGES/luxemia-rani-blue-moti-sharara-suit-for-festive-events-image-4.jpg,luxemia_image_cleaning_tool/cleaned_attempts/luxemia-rani-blue-moti-sharara-suit-for-festive-events-image-4.jpg,No,Yes,No,No,No,No,Yes,No,Logo-color pixels remain in mask (32321 after vs 28491 before).
luxemia-black-sequined-palazzo-set-for-festive-events-image-1.jpg,luxemia_supplier_REJECTED_BRANDED_IMAGES/luxemia-black-sequined-palazzo-set-for-festive-events-image-1.jpg,luxemia_image_cleaning_tool/cleaned_attempts/luxemia-black-sequined-palazzo-set-for-festive-events-image-1.jpg,No,Yes,No,No,No,No,Yes,No,Unmasked lower/central logo-like branding still appears likely (score 184).
luxemia-black-sequined-palazzo-set-for-festive-events-image-2.jpg,luxemia_supplier_REJECTED_BRANDED_IMAGES/luxemia-black-sequined-palazzo-set-for-festive-events-image-2.jpg,luxemia_image_cleaning_tool/cleaned_attempts/luxemia-black-sequined-palazzo-set-for-festive-events-image-2.jpg,No,Yes,No,No,No,No,Yes,No,Unmasked lower/central logo-like branding still appears likely (score 180).
luxemia-black-sequined-palazzo-set-for-festive-events-image-3.jpg,luxemia_supplier_REJECTED_BRANDED_IMAGES/luxemia-black-sequined-palazzo-set-for-festive-events-image-3.jpg,luxemia_image_cleaning_tool/cleaned_attempts/luxemia-black-sequined-palazzo-set-for-festive-events-image-3.jpg,No,Yes,No,No,No,No,Yes,No,Unmasked lower/central logo-like branding still appears likely (score 174).
luxemia-black-sequined-palazzo-set-for-festive-events-image-4.jpg,luxemia_supplier_REJECTED_BRANDED_IMAGES/luxemia-black-sequined-palazzo-set-for-festive-events-image-4.jpg,luxemia_image_cleaning_tool/cleaned_attempts/luxemia-black-sequined-palazzo-set-for-festive-events-image-4.jpg,No,Yes,No,No,No,No,Yes,No,Unmasked lower/central logo-like branding still appears likely (score 226).
luxemia-mustard-mirror-cape-set-for-festive-events-image-3.jpg,luxemia_supplier_REJECTED_BRANDED_IMAGES/luxemia-mustard-mirror-cape-set-for-festive-events-image-3.jpg,luxemia_image_cleaning_tool/cleaned_attempts/luxemia-mustard-mirror-cape-set-for-festive-events-image-3.jpg,No,Yes,No,No,No,No,Yes,No,Unmasked lower/central logo-like branding still appears likely (score 166). Warning: large mask area; inspect for garment/background distortion.
luxemia-mustard-mirror-cape-set-for-festive-events-image-4.jpg,luxemia_supplier_REJECTED_BRANDED_IMAGES/luxemia-mustard-mirror-cape-set-for-festive-events-image-4.jpg,luxemia_image_cleaning_tool/cleaned_attempts/luxemia-mustard-mirror-cape-set-for-festive-events-image-4.jpg,No,Yes,No,No,No,No,Yes,No,Logo-color pixels remain in mask (78009 after vs 8845 before). Warning: large mask area; inspect for garment/background distortion.
luxemia-mustard-mirror-cape-set-for-festive-events-image-5.jpg,luxemia_supplier_REJECTED_BRANDED_IMAGES/luxemia-mustard-mirror-cape-set-for-festive-events-image-5.jpg,luxemia_image_cleaning_tool/cleaned_attempts/luxemia-mustard-mirror-cape-set-for-festive-events-image-5.jpg,No,Yes,No,No,No,No,Yes,No,Logo-color pixels remain in mask (229 after vs 1902 before).
luxemia-mustard-mirror-cape-set-for-festive-events-image-6.jpg,luxemia_supplier_REJECTED_BRANDED_IMAGES/luxemia-mustard-mirror-cape-set-for-festive-events-image-6.jpg,luxemia_image_cleaning_tool/cleaned_attempts/luxemia-mustard-mirror-cape-set-for-festive-events-image-6.jpg,Yes,No,No,No,No,No,Yes,No,Warning: large mask area; inspect for garment/background distortion.
luxemia-mustard-mirror-cape-set-for-festive-events-image-8.jpg,luxemia_supplier_REJECTED_BRANDED_IMAGES/luxemia-mustard-mirror-cape-set-for-festive-events-image-8.jpg,luxemia_image_cleaning_tool/cleaned_attempts/luxemia-mustard-mirror-cape-set-for-festive-events-image-8.jpg,Yes,No,No,No,No,No,Yes,No,Warning: large mask area; inspect for garment/background distortion.
luxemia-mustard-mirror-cape-set-for-festive-events-image-10.jpg,luxemia_supplier_REJECTED_BRANDED_IMAGES/luxemia-mustard-mirror-cape-set-for-festive-events-image-10.jpg,luxemia_image_cleaning_tool/cleaned_attempts/luxemia-mustard-mirror-cape-set-for-festive-events-image-10.jpg,Yes,No,No,No,No,No,Yes,No,Warning: large mask area; inspect for garment/background distortion.
luxemia-teal-mirror-cape-set-for-festive-events-image-1.jpg,luxemia_supplier_REJECTED_BRANDED_IMAGES/luxemia-teal-mirror-cape-set-for-festive-events-image-1.jpg,luxemia_image_cleaning_tool/cleaned_attempts/luxemia-teal-mirror-cape-set-for-festive-events-image-1.jpg,Yes,No,No,No,No,No,Yes,No,Warning: large mask area; inspect for garment/background distortion.
luxemia-lemon-yellow-sequined-sharara-suit-with-dupatta-for-festive-events-image-1.jpg,luxemia_supplier_REJECTED_BRANDED_IMAGES/luxemia-lemon-yellow-sequined-sharara-suit-with-dupatta-for-festive-events-image-1.jpg,luxemia_image_cleaning_tool/cleaned_attempts/luxemia-lemon-yellow-sequined-sharara-suit-with-dupatta-for-festive-events-image-1.jpg,No,Yes,No,No,No,No,Yes,No,Logo-color pixels remain in mask (2540 after vs 13257 before). Unmasked lower/central logo-like branding still appears likely (score 196).
luxemia-lemon-yellow-sequined-sharara-suit-with-dupatta-for-festive-events-image-2.jpg,luxemia_supplier_REJECTED_BRANDED_IMAGES/luxemia-lemon-yellow-sequined-sharara-suit-with-dupatta-for-festive-events-image-2.jpg,luxemia_image_cleaning_tool/cleaned_attempts/luxemia-lemon-yellow-sequined-sharara-suit-with-dupatta-for-festive-events-image-2.jpg,Yes,No,No,No,No,No,Yes,No,Warning: large mask area; inspect for garment/background distortion.
luxemia-lemon-yellow-sequined-sharara-suit-with-dupatta-for-festive-events-image-3.jpg,luxemia_supplier_REJECTED_BRANDED_IMAGES/luxemia-lemon-yellow-sequined-sharara-suit-with-dupatta-for-festive-events-image-3.jpg,luxemia_image_cleaning_tool/cleaned_attempts/luxemia-lemon-yellow-sequined-sharara-suit-with-dupatta-for-festive-events-image-3.jpg,No,Yes,No,No,No,No,Yes,No,Unmasked lower/central logo-like branding still appears likely (score 246). Warning: large mask area; inspect for garment/background distortion.
luxemia-orange-moti-pre-draped-saree-with-blouse-for-receptions-image-4.jpg,luxemia_supplier_REJECTED_BRANDED_IMAGES/luxemia-orange-moti-pre-draped-saree-with-blouse-for-receptions-image-4.jpg,luxemia_image_cleaning_tool/cleaned_attempts/luxemia-orange-moti-pre-draped-saree-with-blouse-for-receptions-image-4.jpg,No,Yes,No,No,No,No,Yes,No,Logo-color pixels remain in mask (69 after vs 517 before).
luxemia-wine-moti-pre-draped-saree-with-blouse-for-receptions-image-1.jpg,luxemia_supplier_REJECTED_BRANDED_IMAGES/luxemia-wine-moti-pre-draped-saree-with-blouse-for-receptions-image-1.jpg,luxemia_image_cleaning_tool/cleaned_attempts/luxemia-wine-moti-pre-draped-saree-with-blouse-for-receptions-image-1.jpg,No,Yes,No,No,No,No,Yes,No,Logo-color pixels remain in mask (371 after vs 1311 before).
luxemia-navy-moti-pre-draped-saree-with-blouse-for-weddings-image-1.jpg,luxemia_supplier_REJECTED_BRANDED_IMAGES/luxemia-navy-moti-pre-draped-saree-with-blouse-for-weddings-image-1.jpg,luxemia_image_cleaning_tool/cleaned_attempts/luxemia-navy-moti-pre-draped-saree-with-blouse-for-weddings-image-1.jpg,No,Yes,No,No,No,No,Yes,No,Unmasked lower/central logo-like branding still appears likely (score 227).
luxemia-navy-moti-pre-draped-saree-with-blouse-for-weddings-image-2.jpg,luxemia_supplier_REJECTED_BRANDED_IMAGES/luxemia-navy-moti-pre-draped-saree-with-blouse-for-weddings-image-2.jpg,luxemia_image_cleaning_tool/cleaned_attempts/luxemia-navy-moti-pre-draped-saree-with-blouse-for-weddings-image-2.jpg,No,Yes,No,No,No,No,Yes,No,Unmasked lower/central logo-like branding still appears likely (score 227).
luxemia-champagne-mirror-cape-set-for-parties-image-1.jpg,luxemia_supplier_REJECTED_BRANDED_IMAGES/luxemia-champagne-mirror-cape-set-for-parties-image-1.jpg,luxemia_image_cleaning_tool/cleaned_attempts/luxemia-champagne-mirror-cape-set-for-parties-image-1.jpg,Yes,No,No,No,No,No,Yes,No,Warning: large mask area; inspect for garment/background distortion.
luxemia-lavender-mirror-cape-set-for-festive-events-image-1.jpg,luxemia_supplier_REJECTED_BRANDED_IMAGES/luxemia-lavender-mirror-cape-set-for-festive-events-image-1.jpg,luxemia_image_cleaning_tool/cleaned_attempts/luxemia-lavender-mirror-cape-set-for-festive-events-image-1.jpg,Yes,No,No,No,No,No,Yes,No,Warning: large mask area; inspect for garment/background distortion.
luxemia-mustard-stone-cape-set-for-festive-events-image-1.jpg,luxemia_supplier_REJECTED_BRANDED_IMAGES/luxemia-mustard-stone-cape-set-for-festive-events-image-1.jpg,luxemia_image_cleaning_tool/cleaned_attempts/luxemia-mustard-stone-cape-set-for-festive-events-image-1.jpg,No,Yes,No,No,No,No,Yes,No,Logo-color pixels remain in mask (104212 after vs 89635 before). Warning: large mask area; inspect for garment/background distortion.
luxemia-mustard-stone-cape-set-for-festive-events-image-2.jpg,luxemia_supplier_REJECTED_BRANDED_IMAGES/luxemia-mustard-stone-cape-set-for-festive-events-image-2.jpg,luxemia_image_cleaning_tool/cleaned_attempts/luxemia-mustard-stone-cape-set-for-festive-events-image-2.jpg,No,Yes,No,No,No,No,Yes,No,Logo-color pixels remain in mask (119279 after vs 79794 before). Warning: large mask area; inspect for garment/background distortion.
luxemia-navy-blue-mirror-pre-draped-saree-with-blouse-for-weddings-image-1.jpg,luxemia_supplier_REJECTED_BRANDED_IMAGES/luxemia-navy-blue-mirror-pre-draped-saree-with-blouse-for-weddings-image-1.jpg,luxemia_image_cleaning_tool/cleaned_attempts/luxemia-navy-blue-mirror-pre-draped-saree-with-blouse-for-weddings-image-1.jpg,No,Yes,No,No,No,No,Yes,No,Unmasked lower/central logo-like branding still appears likely (score 226).
luxemia-navy-blue-mirror-pre-draped-saree-with-blouse-for-weddings-image-2.jpg,luxemia_supplier_REJECTED_BRANDED_IMAGES/luxemia-navy-blue-mirror-pre-draped-saree-with-blouse-for-weddings-image-2.jpg,luxemia_image_cleaning_tool/cleaned_attempts/luxemia-navy-blue-mirror-pre-draped-saree-with-blouse-for-weddings-image-2.jpg,No,Yes,No,No,No,No,Yes,No,Unmasked lower/central logo-like branding still appears likely (score 260).
luxemia-navy-blue-mirror-pre-draped-saree-with-blouse-for-weddings-image-3.jpg,luxemia_supplier_REJECTED_BRANDED_IMAGES/luxemia-navy-blue-mirror-pre-draped-saree-with-blouse-for-weddings-image-3.jpg,luxemia_image_cleaning_tool/cleaned_attempts/luxemia-navy-blue-mirror-pre-draped-saree-with-blouse-for-weddings-image-3.jpg,No,Yes,No,No,No,No,Yes,No,Logo-color pixels remain in mask (5398 after vs 43892 before). Unmasked lower/central logo-like branding still appears likely (score 258). Warning: large mask area; inspect for garment/background distortion.
luxemia-navy-blue-mirror-pre-draped-saree-with-blouse-for-weddings-image-4.jpg,luxemia_supplier_REJECTED_BRANDED_IMAGES/luxemia-navy-blue-mirror-pre-draped-saree-with-blouse-for-weddings-image-4.jpg,luxemia_image_cleaning_tool/cleaned_attempts/luxemia-navy-blue-mirror-pre-draped-saree-with-blouse-for-weddings-image-4.jpg,No,Yes,No,No,No,No,Yes,No,Unmasked lower/central logo-like branding still appears likely (score 240). Warning: large mask area; inspect for garment/background distortion.
