id	title	description	link	image_link	availability	price	sale_price	condition	brand	google_product_category	product_type	gender	age_group	color	material	pattern	size_system	identifier_exists	custom_label_0	shipping
bridal-001	Ethereal Pastel Pink Bridal Lehenga	Step into your fairy tale in this breathtaking pastel pink bridal masterpiece. Handcrafted from the finest Pure Net fabric, this lehenga showcases extraordinary heavy work embroidery that has taken master artisans over 200 hours to complete. The delicate blush tone is achieved through a specialized dyeing process that ensures color permanence and a subtle shimmer in every light. Fabric Details: Lightweight, sheer fabric with a beautiful drape. 100% polyester net with embroidery overlay. Work & Craftsmanship: Heavy Embroidery technique executed by skilled artisans. Color: Pastel Pink. Includes: Lehenga (skirt), Choli (blouse), and Dupatta. Can-can attached for volume. Sizing: Available in sizes S, M, L, XL, XXL. Free Size (up to 42 inches) also available. Custom tailoring available on request. Fit: Flattering fit-and-flare silhouette suitable for all body types. Care Instructions: Dry clean only. Store in a cool, dry place. Avoid direct sunlight to preserve color and embroidery. Perfect for: weddings, engagement ceremonies. Shipping: Free worldwide shipping on orders over $200. Delivery within 7-12 business days to USA, UK, and Canada.	https://luxemia.shop/product/ethereal-pastel-pink-bridal-lehenga	https://kesimg.b-cdn.net/images/650/2025y/December/59570/Pastel-Pink-Pure-Net-Bridal-Wear-Heavy-Work-Readymade-Bridal-Lehenga-Choli-RIYAASAT-10243(1).jpg	in_stock	662 USD	477 USD	new	LuxeMia	Apparel & Accessories > Clothing > Dresses	Lehengas > Bridal Lehengas	female	adult	Pastel Pink	Pure Net	Heavy Embroidery	US	no	Bridal Lehengas	US:Standard:0.00 USD
bridal-002	Royal Rani Pink Silk Bridal Lehenga	Embrace the timeless grandeur of Indian bridal tradition with this magnificent Rani Pink silk lehenga. This heritage piece is woven from premium Banarasi silk that carries the weight and drape synonymous with royal trousseau. The heavy traditional work combines resham thread embroidery, genuine kundan stones, and delicate dabka detailing. Fabric Details: Luxurious silk fabric with natural sheen and rich texture. Comfortable for extended wear. Work & Craftsmanship: Heavy Work technique executed by skilled artisans. Color: Rani Pink. Includes: Lehenga (skirt), Choli (blouse), and Dupatta. Can-can attached for volume. Sizing: Available in sizes S, M, L, XL, XXL. Free Size (up to 42 inches) also available. Custom tailoring available on request. Fit: Flattering fit-and-flare silhouette suitable for all body types. Care Instructions: Dry clean only. Store in a cool, dry place. Avoid direct sunlight to preserve color and embroidery. Perfect for: weddings, engagement ceremonies. Shipping: Free worldwide shipping on orders over $200. Delivery within 7-12 business days to USA, UK, and Canada.	https://luxemia.shop/product/royal-rani-pink-silk-bridal-lehenga	https://kesimg.b-cdn.net/images/650/2025y/December/59645/Rani-Pink-Silk-Bridal-Wear-Heavy-Work-Bridal-Lehenga-Choli-2946-2946-A(1).jpg	in_stock	1027 USD	729 USD	new	LuxeMia	Apparel & Accessories > Clothing > Dresses	Lehengas > Bridal Lehengas	female	adult	Rani Pink	Silk	Heavy Work	US	no	Bridal Lehengas	US:Standard:0.00 USD
bridal-003	Classic Bridal Red Silk Lehenga	The quintessential bridal red that has adorned generations of brides across the subcontinent. This luxurious silk lehenga is a testament to the enduring appeal of traditional craftsmanship, featuring masterfully executed heavy work that creates intricate patterns dancing with every movement. Fabric Details: Luxurious silk fabric with natural sheen and rich texture. Comfortable for extended wear. Work & Craftsmanship: Heavy Work technique executed by skilled artisans. Color: Red. Includes: Lehenga (skirt), Choli (blouse), and Dupatta. Can-can attached for volume. Sizing: Available in sizes S, M, L, XL, XXL. Free Size (up to 42 inches) also available. Custom tailoring available on request. Fit: Flattering fit-and-flare silhouette suitable for all body types. Care Instructions: Dry clean only. Store in a cool, dry place. Avoid direct sunlight to preserve color and embroidery. Perfect for: weddings, engagement ceremonies. Shipping: Free worldwide shipping on orders over $200. Delivery within 7-12 business days to USA, UK, and Canada.	https://luxemia.shop/product/classic-bridal-red-silk-lehenga	https://kesimg.b-cdn.net/images/650/2025y/December/59645/Red-Silk-Bridal-Wear-Heavy-Work-Bridal-Lehenga-Choli-2946-2946-B(1).jpg	in_stock	1027 USD	729 USD	new	LuxeMia	Apparel & Accessories > Clothing > Dresses	Lehengas > Bridal Lehengas	female	adult	Red	Silk	Heavy Work	US	no	Bridal Lehengas	US:Standard:0.00 USD
bridal-004	Ivory Dreamscape Net Bridal Lehenga	For the modern bride who dares to redefine tradition. This pristine ivory Heavy Net lehenga represents the new era of bridal fashion, where classic silhouettes meet contemporary color palettes. The sequins and embroidery work creates a dreamlike shimmer. Fabric Details: Structured net fabric with more body than regular net. Holds shape beautifully. Work & Craftsmanship: Sequins Embroidery technique executed by skilled artisans. Color: Ivory. Includes: Lehenga (skirt), Choli (blouse), and Dupatta. Can-can attached for volume. Sizing: Available in sizes S, M, L, XL, XXL. Free Size (up to 42 inches) also available. Custom tailoring available on request. Fit: Flattering fit-and-flare silhouette suitable for all body types. Care Instructions: Dry clean only. Store in a cool, dry place. Avoid direct sunlight to preserve color and embroidery. Perfect for: weddings, engagement ceremonies. Shipping: Free worldwide shipping on orders over $200. Delivery within 7-12 business days to USA, UK, and Canada.	https://luxemia.shop/product/ivory-dreamscape-net-bridal-lehenga	https://kesimg.b-cdn.net/images/650/2025y/December/59644/White-Heavy-Net-Bridal-Wear-Sequins-Embroidery-Work-Bridal-Lehenga-Choli-2941-2941(1).jpg	in_stock	530 USD	387 USD	new	LuxeMia	Apparel & Accessories > Clothing > Dresses	Lehengas > Bridal Lehengas	female	adult	Ivory	Heavy Net	Sequins Embroidery	US	no	Bridal Lehengas	US:Standard:0.00 USD
bridal-005	Lavender Mist Bridal Lehenga	A contemporary masterpiece that breaks the traditional color boundaries while maintaining the grandeur expected of bridal couture. This serene lavender Pure Net bridal ensemble speaks to the bride with a discerning eye for unique beauty. Fabric Details: Lightweight, sheer fabric with a beautiful drape. 100% polyester net with embroidery overlay. Work & Craftsmanship: Heavy Work technique executed by skilled artisans. Color: Lavender. Includes: Lehenga (skirt), Choli (blouse), and Dupatta. Can-can attached for volume. Sizing: Available in sizes S, M, L, XL, XXL. Free Size (up to 42 inches) also available. Custom tailoring available on request. Fit: Flattering fit-and-flare silhouette suitable for all body types. Care Instructions: Dry clean only. Store in a cool, dry place. Avoid direct sunlight to preserve color and embroidery. Perfect for: weddings, engagement ceremonies. Shipping: Free worldwide shipping on orders over $200. Delivery within 7-12 business days to USA, UK, and Canada.	https://luxemia.shop/product/lavender-mist-bridal-lehenga	https://kesimg.b-cdn.net/images/650/2025y/December/59570/Lavender-Pure-Net-Bridal-Wear-Heavy-Work-Readymade-Bridal-Lehenga-Choli-RIYAASAT-10242(1).jpg	in_stock	529 USD	381 USD	new	LuxeMia	Apparel & Accessories > Clothing > Dresses	Lehengas > Bridal Lehengas	female	adult	Lavender	Pure Net	Heavy Work	US	no	Bridal Lehengas	US:Standard:0.00 USD
bridal-006	Metallic Silver Celebration Lehenga	Make an unforgettable entrance in this stunning metallic silver Pure Net lehenga that commands attention and admiration in equal measure. The lustrous silver base is achieved through an innovative weaving technique. Fabric Details: Lightweight, sheer fabric with a beautiful drape. 100% polyester net with embroidery overlay. Work & Craftsmanship: Heavy Work technique executed by skilled artisans. Color: Silver. Includes: Lehenga (skirt), Choli (blouse), and Dupatta. Can-can attached for volume. Sizing: Available in sizes S, M, L, XL, XXL. Free Size (up to 42 inches) also available. Custom tailoring available on request. Fit: Flattering fit-and-flare silhouette suitable for all body types. Care Instructions: Dry clean only. Store in a cool, dry place. Avoid direct sunlight to preserve color and embroidery. Perfect for: weddings, engagement ceremonies. Shipping: Free worldwide shipping on orders over $200. Delivery within 7-12 business days to USA, UK, and Canada.	https://luxemia.shop/product/metallic-silver-celebration-lehenga	https://kesimg.b-cdn.net/images/650/2025y/December/59570/Metalic-Silver-Pure-Net-Bridal-Wear-Heavy-Work-Readymade-Bridal-Lehenga-Choli-RIYAASAT-10245(1).jpg	in_stock	583 USD	420 USD	new	LuxeMia	Apparel & Accessories > Clothing > Dresses	Lehengas > Bridal Lehengas	female	adult	Silver	Pure Net	Heavy Work	US	no	Bridal Lehengas	US:Standard:0.00 USD
wedding-001	Burgundy Velvet Wedding Lehenga	Embrace regal sophistication with this sumptuous burgundy velvet lehenga that embodies the luxurious warmth of winter celebrations. The premium Italian velvet has been specially treated for a subtle sheen. Fabric Details: Lightweight net fabric with beautiful translucency and elegant drape. Work & Craftsmanship: Heavy Work technique executed by skilled artisans. Color: Burgundy. Includes: Lehenga (skirt), Choli (blouse), and Dupatta. Sizing: Available in sizes S, M, L, XL, XXL. Free Size (up to 42 inches) also available. Custom tailoring available on request. Fit: Flattering fit-and-flare silhouette suitable for all body types. Care Instructions: Dry clean only. Store in a cool, dry place. Avoid direct sunlight to preserve color and embroidery. Perfect for: wedding receptions, sangeet ceremonies. Shipping: Free worldwide shipping on orders over $200. Delivery within 7-12 business days to USA, UK, and Canada.	https://luxemia.shop/product/burgundy-velvet-wedding-lehenga	https://kesimg.b-cdn.net/images/650/2025y/December/59625/Burgundy-Net-Wedding-Wear-Heavy-Work-Lehenga-Choli-Wedding-Wibe-Vol-2-3622-2945-A(1).jpg	in_stock	365 USD	270 USD	new	LuxeMia	Apparel & Accessories > Clothing > Dresses	Lehengas > Wedding Lehengas	female	adult	Burgundy	Net	Heavy Work	US	no	Wedding Lehengas	US:Standard:0.00 USD
wedding-002	Wine Romance Net Lehenga	Fall in love with this intoxicating wine-colored Net lehenga that exudes romance and sophistication. The deep wine shade has been carefully chosen to complement a wide range of skin tones. Fabric Details: Lightweight net fabric with beautiful translucency and elegant drape. Work & Craftsmanship: Heavy Work technique executed by skilled artisans. Color: Wine. Includes: Lehenga (skirt), Choli (blouse), and Dupatta. Sizing: Available in sizes S, M, L, XL, XXL. Free Size (up to 42 inches) also available. Custom tailoring available on request. Fit: Flattering fit-and-flare silhouette suitable for all body types. Care Instructions: Dry clean only. Store in a cool, dry place. Avoid direct sunlight to preserve color and embroidery. Perfect for: wedding receptions, sangeet ceremonies. Shipping: Free worldwide shipping on orders over $200. Delivery within 7-12 business days to USA, UK, and Canada.	https://luxemia.shop/product/wine-romance-net-lehenga	https://kesimg.b-cdn.net/images/650/2025y/December/59625/Wine-Net-Wedding-Wear-Heavy-Work-Lehenga-Choli-Wedding-Wibe-Vol-2-3622-2945-B(1).jpg	in_stock	365 USD	270 USD	new	LuxeMia	Apparel & Accessories > Clothing > Dresses	Lehengas > Wedding Lehengas	female	adult	Wine	Net	Heavy Work	US	no	Wedding Lehengas	US:Standard:0.00 USD
wedding-003	Emerald Forest Wedding Lehenga	Channel the mystique of enchanted forests with this breathtaking emerald green Net lehenga that celebrates the beauty of nature. The rich emerald shade represents growth, harmony, and the eternal cycle of love. Fabric Details: Lightweight net fabric with beautiful translucency and elegant drape. Work & Craftsmanship: Heavy Work technique executed by skilled artisans. Color: Emerald Green. Includes: Lehenga (skirt), Choli (blouse), and Dupatta. Sizing: Available in sizes S, M, L, XL, XXL. Free Size (up to 42 inches) also available. Custom tailoring available on request. Fit: Flattering fit-and-flare silhouette suitable for all body types. Care Instructions: Dry clean only. Store in a cool, dry place. Avoid direct sunlight to preserve color and embroidery. Perfect for: wedding receptions, sangeet ceremonies. Shipping: Free worldwide shipping on orders over $200. Delivery within 7-12 business days to USA, UK, and Canada.	https://luxemia.shop/product/emerald-forest-wedding-lehenga	https://kesimg.b-cdn.net/images/650/2025y/December/59625/Green-Net-Wedding-Wear-Heavy-Work-Lehenga-Choli-Wedding-Wibe-Vol-2-3622-2945-C(1).jpg	in_stock	396 USD	285 USD	new	LuxeMia	Apparel & Accessories > Clothing > Dresses	Lehengas > Wedding Lehengas	female	adult	Emerald Green	Net	Heavy Work	US	no	Wedding Lehengas	US:Standard:0.00 USD
wedding-004	Royal Blue Celebration Lehenga	Make a statement of confidence and elegance with this commanding royal blue Net lehenga that embodies the depth and mystery of midnight skies. Fabric Details: Lightweight net fabric with beautiful translucency and elegant drape. Work & Craftsmanship: Heavy Work technique executed by skilled artisans. Color: Royal Blue. Includes: Lehenga (skirt), Choli (blouse), and Dupatta. Sizing: Available in sizes S, M, L, XL, XXL. Free Size (up to 42 inches) also available. Custom tailoring available on request. Fit: Flattering fit-and-flare silhouette suitable for all body types. Care Instructions: Dry clean only. Store in a cool, dry place. Avoid direct sunlight to preserve color and embroidery. Perfect for: wedding receptions, sangeet ceremonies. Shipping: Free worldwide shipping on orders over $200. Delivery within 7-12 business days to USA, UK, and Canada.	https://luxemia.shop/product/royal-blue-celebration-lehenga	https://kesimg.b-cdn.net/images/650/2025y/December/59625/Blue-Net-Wedding-Wear-Heavy-Work-Lehenga-Choli-Wedding-Wibe-Vol-2-3622-2945-D(1).jpg	in_stock	396 USD	285 USD	new	LuxeMia	Apparel & Accessories > Clothing > Dresses	Lehengas > Wedding Lehengas	female	adult	Royal Blue	Net	Heavy Work	US	no	Wedding Lehengas	US:Standard:0.00 USD
wedding-005	Coral Sunset Net Lehenga	Capture the warmth of a perfect sunset with this stunning coral Net lehenga that radiates joy and celebration. Fabric Details: Lightweight net fabric with beautiful translucency and elegant drape. Work & Craftsmanship: Heavy Work technique executed by skilled artisans. Color: Coral. Includes: Lehenga (skirt), Choli (blouse), and Dupatta. Sizing: Available in sizes S, M, L, XL, XXL. Free Size (up to 42 inches) also available. Custom tailoring available on request. Fit: Flattering fit-and-flare silhouette suitable for all body types. Care Instructions: Dry clean only. Store in a cool, dry place. Avoid direct sunlight to preserve color and embroidery. Perfect for: wedding receptions, sangeet ceremonies. Shipping: Free worldwide shipping on orders over $200. Delivery within 7-12 business days to USA, UK, and Canada.	https://luxemia.shop/product/coral-sunset-net-lehenga	https://kesimg.b-cdn.net/images/650/2025y/December/59625/Coral-Net-Wedding-Wear-Heavy-Work-Lehenga-Choli-Wedding-Wibe-Vol-2-3622-2945-E(1).jpg	in_stock	366 USD	264 USD	new	LuxeMia	Apparel & Accessories > Clothing > Dresses	Lehengas > Wedding Lehengas	female	adult	Coral	Net	Heavy Work	US	no	Wedding Lehengas	US:Standard:0.00 USD
wedding-006	Powder Pink Wedding Lehenga	Whisper romance with this delicate powder pink Net lehenga that embodies gentle femininity and timeless grace. Fabric Details: Lightweight net fabric with beautiful translucency and elegant drape. Work & Craftsmanship: Heavy Work technique executed by skilled artisans. Color: Powder Pink. Includes: Lehenga (skirt), Choli (blouse), and Dupatta. Sizing: Available in sizes S, M, L, XL, XXL. Free Size (up to 42 inches) also available. Custom tailoring available on request. Fit: Flattering fit-and-flare silhouette suitable for all body types. Care Instructions: Dry clean only. Store in a cool, dry place. Avoid direct sunlight to preserve color and embroidery. Perfect for: wedding receptions, sangeet ceremonies. Shipping: Free worldwide shipping on orders over $200. Delivery within 7-12 business days to USA, UK, and Canada.	https://luxemia.shop/product/powder-pink-wedding-lehenga	https://kesimg.b-cdn.net/images/650/2025y/December/59625/Pink-Net-Wedding-Wear-Heavy-Work-Lehenga-Choli-Wedding-Wibe-Vol-2-3622-2945-F(1).jpg	in_stock	387 USD	279 USD	new	LuxeMia	Apparel & Accessories > Clothing > Dresses	Lehengas > Wedding Lehengas	female	adult	Powder Pink	Net	Heavy Work	US	no	Wedding Lehengas	US:Standard:0.00 USD
party-001	Blush Georgette Party Lehenga	Float through celebrations in this enchanting blush Georgette lehenga that combines graceful movement with sophisticated style. Fabric Details: Lightweight, slightly sheer fabric with a crinkled texture. Excellent drape and movement. Work & Craftsmanship: Sequins Work technique executed by skilled artisans. Color: Blush Pink. Includes: Lehenga (skirt), Choli (blouse), and Dupatta. Sizing: Available in sizes S, M, L, XL, XXL. Free Size (up to 42 inches) also available. Custom tailoring available on request. Fit: Flattering fit-and-flare silhouette suitable for all body types. Care Instructions: Dry clean only. Store in a cool, dry place. Avoid direct sunlight to preserve color and embroidery. Perfect for: cocktail parties, festive celebrations. Shipping: Free worldwide shipping on orders over $200. Delivery within 7-12 business days to USA, UK, and Canada.	https://luxemia.shop/product/blush-georgette-party-lehenga	https://kesimg.b-cdn.net/images/650/2025y/December/59622/Blush-Pink-Georgette-Party-Wear-Sequins-Work-Lehenga-Choli-Miss-India-Vol-5-3504-3504(1).jpg	in_stock	250 USD	180 USD	new	LuxeMia	Apparel & Accessories > Clothing > Dresses	Lehengas > Party Lehengas	female	adult	Blush Pink	Georgette	Sequins Work	US	no	Party Lehengas	US:Standard:0.00 USD
party-002	Mint Sequin Party Lehenga	Make a fresh statement with this stunning mint Georgette lehenga that brings a cool, contemporary edge to traditional celebrations. Fabric Details: Lightweight, slightly sheer fabric with a crinkled texture. Excellent drape and movement. Work & Craftsmanship: Sequins Work technique executed by skilled artisans. Color: Mint. Includes: Lehenga (skirt), Choli (blouse), and Dupatta. Sizing: Available in sizes S, M, L, XL, XXL. Free Size (up to 42 inches) also available. Custom tailoring available on request. Fit: Flattering fit-and-flare silhouette suitable for all body types. Care Instructions: Dry clean only. Store in a cool, dry place. Avoid direct sunlight to preserve color and embroidery. Perfect for: cocktail parties, festive celebrations. Shipping: Free worldwide shipping on orders over $200. Delivery within 7-12 business days to USA, UK, and Canada.	https://luxemia.shop/product/mint-sequin-party-lehenga	https://kesimg.b-cdn.net/images/650/2025y/December/59622/Mint-Georgette-Party-Wear-Sequins-Work-Lehenga-Choli-Miss-India-Vol-5-3504-3505(1).jpg	in_stock	262 USD	189 USD	new	LuxeMia	Apparel & Accessories > Clothing > Dresses	Lehengas > Party Lehengas	female	adult	Mint	Georgette	Sequins Work	US	no	Party Lehengas	US:Standard:0.00 USD
party-003	Champagne Gold Party Lehenga	Toast to elegance with this sophisticated champagne gold Georgette lehenga that embodies refined celebration style. Fabric Details: Lightweight, slightly sheer fabric with a crinkled texture. Excellent drape and movement. Work & Craftsmanship: Sequins Work technique executed by skilled artisans. Color: Champagne Gold. Includes: Lehenga (skirt), Choli (blouse), and Dupatta. Sizing: Available in sizes S, M, L, XL, XXL. Free Size (up to 42 inches) also available. Custom tailoring available on request. Fit: Flattering fit-and-flare silhouette suitable for all body types. Care Instructions: Dry clean only. Store in a cool, dry place. Avoid direct sunlight to preserve color and embroidery. Perfect for: cocktail parties, festive celebrations. Shipping: Free worldwide shipping on orders over $200. Delivery within 7-12 business days to USA, UK, and Canada.	https://luxemia.shop/product/champagne-gold-party-lehenga	https://kesimg.b-cdn.net/images/650/2025y/December/59622/Gold-Georgette-Party-Wear-Sequins-Work-Lehenga-Choli-Miss-India-Vol-5-3504-3506(1).jpg	in_stock	283 USD	204 USD	new	LuxeMia	Apparel & Accessories > Clothing > Dresses	Lehengas > Party Lehengas	female	adult	Champagne Gold	Georgette	Sequins Work	US	no	Party Lehengas	US:Standard:0.00 USD
party-004	Navy Blue Party Lehenga	Command the room with this sophisticated navy blue Georgette lehenga that balances classic elegance with modern glamour. Fabric Details: Lightweight, slightly sheer fabric with a crinkled texture. Excellent drape and movement. Work & Craftsmanship: Sequins Work technique executed by skilled artisans. Color: Navy Blue. Includes: Lehenga (skirt), Choli (blouse), and Dupatta. Sizing: Available in sizes S, M, L, XL, XXL. Free Size (up to 42 inches) also available. Custom tailoring available on request. Fit: Flattering fit-and-flare silhouette suitable for all body types. Care Instructions: Dry clean only. Store in a cool, dry place. Avoid direct sunlight to preserve color and embroidery. Perfect for: cocktail parties, festive celebrations. Shipping: Free worldwide shipping on orders over $200. Delivery within 7-12 business days to USA, UK, and Canada.	https://luxemia.shop/product/navy-blue-party-lehenga	https://kesimg.b-cdn.net/images/650/2025y/December/59622/Navy-Blue-Georgette-Party-Wear-Sequins-Work-Lehenga-Choli-Miss-India-Vol-5-3504-3507(1).jpg	in_stock	271 USD	195 USD	new	LuxeMia	Apparel & Accessories > Clothing > Dresses	Lehengas > Party Lehengas	female	adult	Navy Blue	Georgette	Sequins Work	US	no	Party Lehengas	US:Standard:0.00 USD
festive-001	Marigold Yellow Festive Lehenga	Embrace the spirit of Indian festivals with this vibrant marigold yellow Chinnon lehenga that radiates joy and celebration. Fabric Details: Premium Chinnon fabric with smooth finish and elegant sheen. Lightweight and comfortable. Work & Craftsmanship: Embroidery technique executed by skilled artisans. Color: Yellow. Includes: Lehenga (skirt), Choli (blouse), and Dupatta. Sizing: Available in sizes S, M, L, XL, XXL. Free Size (up to 42 inches) also available. Custom tailoring available on request. Fit: Flattering fit-and-flare silhouette suitable for all body types. Care Instructions: Dry clean only. Store in a cool, dry place. Avoid direct sunlight to preserve color and embroidery. Perfect for: Diwali, Navratri, Eid celebrations. Shipping: Free worldwide shipping on orders over $200. Delivery within 7-12 business days to USA, UK, and Canada.	https://luxemia.shop/product/marigold-yellow-festive-lehenga	https://kesimg.b-cdn.net/images/650/2025y/December/59616/Yellow-Chinnon-Festival-Wear-Embroidery-Work-Lehenga-Choli-SSF-5004-H(1).jpg	in_stock	208 USD	150 USD	new	LuxeMia	Apparel & Accessories > Clothing > Dresses	Lehengas > Festive Lehengas	female	adult	Yellow	Chinnon	Embroidery	US	no	Festive Lehengas	US:Standard:0.00 USD
festive-002	Saffron Orange Festive Lehenga	Celebrate with sacred energy in this stunning saffron orange Chinnon lehenga that embodies the spiritual significance of Indian festivals. Fabric Details: Premium Chinnon fabric with smooth finish and elegant sheen. Lightweight and comfortable. Work & Craftsmanship: Embroidery technique executed by skilled artisans. Color: Orange. Includes: Lehenga (skirt), Choli (blouse), and Dupatta. Sizing: Available in sizes S, M, L, XL, XXL. Free Size (up to 42 inches) also available. Custom tailoring available on request. Fit: Flattering fit-and-flare silhouette suitable for all body types. Care Instructions: Dry clean only. Store in a cool, dry place. Avoid direct sunlight to preserve color and embroidery. Perfect for: Diwali, Navratri, Eid celebrations. Shipping: Free worldwide shipping on orders over $200. Delivery within 7-12 business days to USA, UK, and Canada.	https://luxemia.shop/product/saffron-orange-festive-lehenga	https://kesimg.b-cdn.net/images/650/2025y/December/59616/Orange-Chinnon-Festival-Wear-Embroidery-Work-Lehenga-Choli-SSF-5004-G(1).jpg	in_stock	221 USD	159 USD	new	LuxeMia	Apparel & Accessories > Clothing > Dresses	Lehengas > Festive Lehengas	female	adult	Orange	Chinnon	Embroidery	US	no	Festive Lehengas	US:Standard:0.00 USD
festive-003	Peacock Green Festive Lehenga	Channel the majestic beauty of India's national bird with this stunning peacock green Chinnon lehenga. Fabric Details: Premium Chinnon fabric with smooth finish and elegant sheen. Lightweight and comfortable. Work & Craftsmanship: Embroidery technique executed by skilled artisans. Color: Peacock Green. Includes: Lehenga (skirt), Choli (blouse), and Dupatta. Sizing: Available in sizes S, M, L, XL, XXL. Free Size (up to 42 inches) also available. Custom tailoring available on request. Fit: Flattering fit-and-flare silhouette suitable for all body types. Care Instructions: Dry clean only. Store in a cool, dry place. Avoid direct sunlight to preserve color and embroidery. Perfect for: Diwali, Navratri, Eid celebrations. Shipping: Free worldwide shipping on orders over $200. Delivery within 7-12 business days to USA, UK, and Canada.	https://luxemia.shop/product/peacock-green-festive-lehenga	https://kesimg.b-cdn.net/images/650/2025y/December/59616/Teal-Green-Chinnon-Festival-Wear-Embroidery-Work-Lehenga-Choli-SSF-5004-F(1).jpg	in_stock	229 USD	165 USD	new	LuxeMia	Apparel & Accessories > Clothing > Dresses	Lehengas > Festive Lehengas	female	adult	Peacock Green	Chinnon	Embroidery	US	no	Festive Lehengas	US:Standard:0.00 USD
festive-004	Ruby Red Festive Lehenga	Shine with the brilliance of precious gems in this magnificent ruby red Chinnon lehenga that combines traditional symbolism with contemporary elegance. Fabric Details: Premium Chinnon fabric with smooth finish and elegant sheen. Lightweight and comfortable. Work & Craftsmanship: Embroidery technique executed by skilled artisans. Color: Ruby Red. Includes: Lehenga (skirt), Choli (blouse), and Dupatta. Sizing: Available in sizes S, M, L, XL, XXL. Free Size (up to 42 inches) also available. Custom tailoring available on request. Fit: Flattering fit-and-flare silhouette suitable for all body types. Care Instructions: Dry clean only. Store in a cool, dry place. Avoid direct sunlight to preserve color and embroidery. Perfect for: Diwali, Navratri, Eid celebrations. Shipping: Free worldwide shipping on orders over $200. Delivery within 7-12 business days to USA, UK, and Canada.	https://luxemia.shop/product/ruby-red-festive-lehenga	https://kesimg.b-cdn.net/images/650/2025y/December/59616/Red-Chinnon-Festival-Wear-Embroidery-Work-Lehenga-Choli-SSF-5004-E(1).jpg	in_stock	237 USD	171 USD	new	LuxeMia	Apparel & Accessories > Clothing > Dresses	Lehengas > Festive Lehengas	female	adult	Ruby Red	Chinnon	Embroidery	US	no	Festive Lehengas	US:Standard:0.00 USD
festive-005	Dusty Rose Festive Lehenga	Embrace soft romance with this enchanting dusty rose Chinnon lehenga that brings a contemporary color palette to traditional festival celebrations. Fabric Details: Premium Chinnon fabric with smooth finish and elegant sheen. Lightweight and comfortable. Work & Craftsmanship: Embroidery technique executed by skilled artisans. Color: Dusty Rose. Includes: Lehenga (skirt), Choli (blouse), and Dupatta. Sizing: Available in sizes S, M, L, XL, XXL. Free Size (up to 42 inches) also available. Custom tailoring available on request. Fit: Flattering fit-and-flare silhouette suitable for all body types. Care Instructions: Dry clean only. Store in a cool, dry place. Avoid direct sunlight to preserve color and embroidery. Perfect for: Diwali, Navratri, Eid celebrations. Shipping: Free worldwide shipping on orders over $200. Delivery within 7-12 business days to USA, UK, and Canada.	https://luxemia.shop/product/dusty-rose-festive-lehenga	https://kesimg.b-cdn.net/images/650/2025y/December/59616/Dusty-Rose-Chinnon-Festival-Wear-Embroidery-Work-Lehenga-Choli-SSF-5004-D(1).jpg	in_stock	200 USD	144 USD	new	LuxeMia	Apparel & Accessories > Clothing > Dresses	Lehengas > Festive Lehengas	female	adult	Dusty Rose	Chinnon	Embroidery	US	no	Festive Lehengas	US:Standard:0.00 USD
festive-006	Royal Purple Festive Lehenga	Channel regal elegance with this stunning royal purple Chinnon lehenga that combines the majesty of imperial colors with festival celebration energy. Fabric Details: Premium Chinnon fabric with smooth finish and elegant sheen. Lightweight and comfortable. Work & Craftsmanship: Embroidery technique executed by skilled artisans. Color: Royal Purple. Includes: Lehenga (skirt), Choli (blouse), and Dupatta. Sizing: Available in sizes S, M, L, XL, XXL. Free Size (up to 42 inches) also available. Custom tailoring available on request. Fit: Flattering fit-and-flare silhouette suitable for all body types. Care Instructions: Dry clean only. Store in a cool, dry place. Avoid direct sunlight to preserve color and embroidery. Perfect for: Diwali, Navratri, Eid celebrations. Shipping: Free worldwide shipping on orders over $200. Delivery within 7-12 business days to USA, UK, and Canada.	https://luxemia.shop/product/royal-purple-festive-lehenga	https://kesimg.b-cdn.net/images/650/2025y/December/59616/Purple-Chinnon-Festival-Wear-Embroidery-Work-Lehenga-Choli-SSF-5004-C(1).jpg	in_stock	225 USD	162 USD	new	LuxeMia	Apparel & Accessories > Clothing > Dresses	Lehengas > Festive Lehengas	female	adult	Royal Purple	Chinnon	Embroidery	US	no	Festive Lehengas	US:Standard:0.00 USD
designer-001	Heavy Silk Yellow Mirror Work Lehenga	A radiant masterpiece that captures the essence of sunshine celebrations. This exquisite Heavy Silk lehenga features elaborate mirror work that creates a mesmerizing play of light with every movement. Fabric Details: Premium heavyweight silk with substantial body and elegant fall. 100% silk. Work & Craftsmanship: Mirror Work technique executed by skilled artisans. Color: Yellow. Includes: Lehenga (skirt), Choli (blouse), and Dupatta. Can-can attached for volume. Sizing: Available in sizes S, M, L, XL, XXL. Free Size (up to 42 inches) also available. Custom tailoring available on request. Fit: Flattering fit-and-flare silhouette suitable for all body types. Care Instructions: Dry clean only. Store in a cool, dry place. Avoid direct sunlight to preserve color and embroidery. Perfect for: red carpet events, luxury celebrations. Shipping: Free worldwide shipping on orders over $200. Delivery within 7-12 business days to USA, UK, and Canada.	https://luxemia.shop/product/heavy-silk-yellow-mirror-work-lehenga	https://kesimg.b-cdn.net/images/650/2025y/December/59605/Yellow-Heavy-Silk-Party-Wear-Mirror-Work-Lehenga-Choli-Alizeh---Mirror-Maze--3612-1015(1).jpg	in_stock	1356 USD	990 USD	new	LuxeMia	Apparel & Accessories > Clothing > Dresses	Lehengas > Designer Lehengas	female	adult	Yellow	Heavy Silk	Mirror Work	US	no	Designer Lehengas	US:Standard:0.00 USD
designer-002	Heavy Silk Beige Mirror Work Lehenga	Understated elegance meets artisan craftsmanship in this sophisticated beige Heavy Silk lehenga. The neutral palette serves as the perfect canvas for the intricate mirror work embellishments. Fabric Details: Premium heavyweight silk with substantial body and elegant fall. 100% silk. Work & Craftsmanship: Mirror Work technique executed by skilled artisans. Color: Beige. Includes: Lehenga (skirt), Choli (blouse), and Dupatta. Can-can attached for volume. Sizing: Available in sizes S, M, L, XL, XXL. Free Size (up to 42 inches) also available. Custom tailoring available on request. Fit: Flattering fit-and-flare silhouette suitable for all body types. Care Instructions: Dry clean only. Store in a cool, dry place. Avoid direct sunlight to preserve color and embroidery. Perfect for: red carpet events, luxury celebrations. Shipping: Free worldwide shipping on orders over $200. Delivery within 7-12 business days to USA, UK, and Canada.	https://luxemia.shop/product/heavy-silk-beige-mirror-work-lehenga	https://kesimg.b-cdn.net/images/650/2025y/December/59605/Beige-Heavy-Silk-Party-Wear-Mirror-Work-Lehenga-Choli-Alizeh---Mirror-Maze--3612-1013-A(1).jpg	in_stock	1356 USD	990 USD	new	LuxeMia	Apparel & Accessories > Clothing > Dresses	Lehengas > Designer Lehengas	female	adult	Beige	Heavy Silk	Mirror Work	US	no	Designer Lehengas	US:Standard:0.00 USD
designer-003	Heavy Silk Sky Blue Mirror Work Lehenga	Capture the serenity of clear horizons with this breathtaking sky blue Heavy Silk lehenga. The tranquil blue shade combined with shimmering mirror work creates an ethereal ensemble. Fabric Details: Premium heavyweight silk with substantial body and elegant fall. 100% silk. Work & Craftsmanship: Mirror Work technique executed by skilled artisans. Color: Sky Blue. Includes: Lehenga (skirt), Choli (blouse), and Dupatta. Can-can attached for volume. Sizing: Available in sizes S, M, L, XL, XXL. Free Size (up to 42 inches) also available. Custom tailoring available on request. Fit: Flattering fit-and-flare silhouette suitable for all body types. Care Instructions: Dry clean only. Store in a cool, dry place. Avoid direct sunlight to preserve color and embroidery. Perfect for: red carpet events, luxury celebrations. Shipping: Free worldwide shipping on orders over $200. Delivery within 7-12 business days to USA, UK, and Canada.	https://luxemia.shop/product/heavy-silk-sky-blue-mirror-work-lehenga	https://kesimg.b-cdn.net/images/650/2025y/December/59605/Sky-Blue-Heavy-Silk-Party-Wear-Mirror-Work-Lehenga-Choli-Alizeh---Mirror-Maze--3612-1012-A(1).jpg	in_stock	1356 USD	990 USD	new	LuxeMia	Apparel & Accessories > Clothing > Dresses	Lehengas > Designer Lehengas	female	adult	Sky Blue	Heavy Silk	Mirror Work	US	no	Designer Lehengas	US:Standard:0.00 USD
designer-004	Heavy Silk Dusty Pink Mirror Work Lehenga	Romance personified in this dreamy dusty pink Heavy Silk lehenga adorned with exquisite mirror work. Perfect for engagement ceremonies and pre-wedding celebrations. Fabric Details: Premium heavyweight silk with substantial body and elegant fall. 100% silk. Work & Craftsmanship: Mirror Work technique executed by skilled artisans. Color: Dusty Pink. Includes: Lehenga (skirt), Choli (blouse), and Dupatta. Can-can attached for volume. Sizing: Available in sizes S, M, L, XL, XXL. Free Size (up to 42 inches) also available. Custom tailoring available on request. Fit: Flattering fit-and-flare silhouette suitable for all body types. Care Instructions: Dry clean only. Store in a cool, dry place. Avoid direct sunlight to preserve color and embroidery. Perfect for: red carpet events, luxury celebrations. Shipping: Free worldwide shipping on orders over $200. Delivery within 7-12 business days to USA, UK, and Canada.	https://luxemia.shop/product/heavy-silk-dusty-pink-mirror-work-lehenga	https://kesimg.b-cdn.net/images/650/2025y/December/59605/Dusty-Pink-Heavy-Silk-Party-Wear-Mirror-Work-Lehenga-Choli-Alizeh---Mirror-Maze--3612-1012(1).jpg	in_stock	1356 USD	990 USD	new	LuxeMia	Apparel & Accessories > Clothing > Dresses	Lehengas > Designer Lehengas	female	adult	Dusty Pink	Heavy Silk	Mirror Work	US	no	Designer Lehengas	US:Standard:0.00 USD
designer-005	Organza Lavender Bridal Heavy Work Lehenga	Step into ethereal elegance with this enchanting lavender Organza bridal lehenga. The delicate fabric combined with heavy embroidery work creates a masterpiece fit for the most discerning bride. Fabric Details: Crisp, lightweight fabric with a subtle sheen. Creates voluminous silhouettes. Work & Craftsmanship: Heavy Work technique executed by skilled artisans. Color: Lavender. Includes: Lehenga (skirt), Choli (blouse), and Dupatta. Can-can attached for volume. Sizing: Available in sizes S, M, L, XL, XXL. Free Size (up to 42 inches) also available. Custom tailoring available on request. Fit: Flattering fit-and-flare silhouette suitable for all body types. Care Instructions: Dry clean only. Store in a cool, dry place. Avoid direct sunlight to preserve color and embroidery. Perfect for: red carpet events, luxury celebrations. Shipping: Free worldwide shipping on orders over $200. Delivery within 7-12 business days to USA, UK, and Canada.	https://luxemia.shop/product/organza-lavender-bridal-heavy-work-lehenga	https://kesimg.b-cdn.net/images/650/2025y/November/59368/Lavender-Organza-Bridal-Wear-Heavy-Work-Bridal-Lehenga-Choli-Aarohi-3474-2918-F(1).jpg	in_stock	1432 USD	1017 USD	new	LuxeMia	Apparel & Accessories > Clothing > Dresses	Lehengas > Designer Lehengas	female	adult	Lavender	Organza	Heavy Work	US	no	Designer Lehengas	US:Standard:0.00 USD
designer-006	Organza Red Bridal Heavy Work Lehenga	The timeless allure of bridal red reimagined in luxurious Organza fabric. This stunning lehenga features intensive heavy work embroidery that creates depth and dimension throughout. Fabric Details: Crisp, lightweight fabric with a subtle sheen. Creates voluminous silhouettes. Work & Craftsmanship: Heavy Work technique executed by skilled artisans. Color: Red. Includes: Lehenga (skirt), Choli (blouse), and Dupatta. Can-can attached for volume. Sizing: Available in sizes S, M, L, XL, XXL. Free Size (up to 42 inches) also available. Custom tailoring available on request. Fit: Flattering fit-and-flare silhouette suitable for all body types. Care Instructions: Dry clean only. Store in a cool, dry place. Avoid direct sunlight to preserve color and embroidery. Perfect for: red carpet events, luxury celebrations. Shipping: Free worldwide shipping on orders over $200. Delivery within 7-12 business days to USA, UK, and Canada.	https://luxemia.shop/product/organza-red-bridal-heavy-work-lehenga	https://kesimg.b-cdn.net/images/650/2025y/November/59368/Red-Organza-Bridal-Wear-Heavy-Work-Bridal-Lehenga-Choli-Aarohi-3474-2918-E(1).jpg	in_stock	1432 USD	1017 USD	new	LuxeMia	Apparel & Accessories > Clothing > Dresses	Lehengas > Designer Lehengas	female	adult	Red	Organza	Heavy Work	US	no	Designer Lehengas	US:Standard:0.00 USD
saree-001	Mint Green Kanchipuram Silk Wedding Saree	Experience the grandeur of South Indian tradition with this exquisite mint green Kanchipuram-inspired Viscose Silk saree. The delicate mint shade represents new beginnings and prosperity. Fabric Details: Silk-blend viscose fabric combining the sheen of silk with the comfort of viscose. Easy to drape. Work & Craftsmanship: Weaving Work technique executed by skilled artisans. Color: Mint Green. Includes: Saree (5.5 meters) with Blouse piece (0.8 meters) attached. Petticoat not included. Sizing: Available in sizes S, M, L, XL, XXL. Free Size (up to 42 inches) also available. Custom tailoring available on request. Fit: Flattering fit-and-flare silhouette suitable for all body types. Care Instructions: Dry clean only. Store in a cool, dry place. Avoid direct sunlight to preserve color and embroidery. Perfect for: wedding ceremonies, reception. Shipping: Free worldwide shipping on orders over $200. Delivery within 7-12 business days to USA, UK, and Canada.	https://luxemia.shop/product/mint-green-kanchipuram-silk-wedding-saree	https://kesimg.b-cdn.net/images/650/2025y/December/59744/Mint-Green-Viscose-Silk-Wedding-Wear-Weaving-Work-Wedding-Saree-Kanchipuram-Couture-3176-B(1).jpg	in_stock	508 USD	366 USD	new	LuxeMia	Apparel & Accessories > Clothing	Sarees > Wedding Sarees	female	adult	Mint Green	Viscose Silk	Weaving Work	US	no	Wedding Sarees	US:Standard:0.00 USD
saree-002	Royal Pink Kanchipuram Silk Wedding Saree	A celebration of feminine grace in royal pink, this Viscose Silk saree channels the opulence of Kanchipuram's legendary weaving traditions. Fabric Details: Silk-blend viscose fabric combining the sheen of silk with the comfort of viscose. Easy to drape. Work & Craftsmanship: Weaving Work technique executed by skilled artisans. Color: Pink. Includes: Saree (5.5 meters) with Blouse piece (0.8 meters) attached. Petticoat not included. Sizing: Available in sizes S, M, L, XL, XXL. Free Size (up to 42 inches) also available. Custom tailoring available on request. Fit: Flattering fit-and-flare silhouette suitable for all body types. Care Instructions: Dry clean only. Store in a cool, dry place. Avoid direct sunlight to preserve color and embroidery. Perfect for: wedding ceremonies, reception. Shipping: Free worldwide shipping on orders over $200. Delivery within 7-12 business days to USA, UK, and Canada.	https://luxemia.shop/product/royal-pink-kanchipuram-silk-wedding-saree	https://kesimg.b-cdn.net/images/650/2025y/December/59744/Pink-Viscose-Silk-Wedding-Wear-Weaving-Work-Wedding-Saree-Kanchipuram-Couture-3176(1).jpg	in_stock	508 USD	366 USD	new	LuxeMia	Apparel & Accessories > Clothing	Sarees > Wedding Sarees	female	adult	Pink	Viscose Silk	Weaving Work	US	no	Wedding Sarees	US:Standard:0.00 USD
saree-003	Ivory Beige Kanchipuram Silk Wedding Saree	Understated elegance meets heritage craftsmanship in this sophisticated ivory beige Viscose Silk saree. Fabric Details: Silk-blend viscose fabric combining the sheen of silk with the comfort of viscose. Easy to drape. Work & Craftsmanship: Weaving Work technique executed by skilled artisans. Color: Beige. Includes: Saree (5.5 meters) with Blouse piece (0.8 meters) attached. Petticoat not included. Sizing: Available in sizes S, M, L, XL, XXL. Free Size (up to 42 inches) also available. Custom tailoring available on request. Fit: Flattering fit-and-flare silhouette suitable for all body types. Care Instructions: Dry clean only. Store in a cool, dry place. Avoid direct sunlight to preserve color and embroidery. Perfect for: wedding ceremonies, reception. Shipping: Free worldwide shipping on orders over $200. Delivery within 7-12 business days to USA, UK, and Canada.	https://luxemia.shop/product/ivory-beige-kanchipuram-silk-wedding-saree	https://kesimg.b-cdn.net/images/650/2025y/December/59744/Beige-Viscose-Silk-Wedding-Wear-Weaving-Work-Wedding-Saree-Kanchipuram-Couture-3164(1).jpg	in_stock	481 USD	346 USD	new	LuxeMia	Apparel & Accessories > Clothing	Sarees > Wedding Sarees	female	adult	Beige	Viscose Silk	Weaving Work	US	no	Wedding Sarees	US:Standard:0.00 USD
saree-004	Multicolor Kanchipuram Silk Wedding Saree	A vibrant celebration of color and craftsmanship, this multicolor Viscose Silk saree showcases bold aesthetic of South Indian wedding traditions. Fabric Details: Silk-blend viscose fabric combining the sheen of silk with the comfort of viscose. Easy to drape. Work & Craftsmanship: Weaving Work technique executed by skilled artisans. Color: Multi Color. Includes: Saree (5.5 meters) with Blouse piece (0.8 meters) attached. Petticoat not included. Sizing: Available in sizes S, M, L, XL, XXL. Free Size (up to 42 inches) also available. Custom tailoring available on request. Fit: Flattering fit-and-flare silhouette suitable for all body types. Care Instructions: Dry clean only. Store in a cool, dry place. Avoid direct sunlight to preserve color and embroidery. Perfect for: wedding ceremonies, reception. Shipping: Free worldwide shipping on orders over $200. Delivery within 7-12 business days to USA, UK, and Canada.	https://luxemia.shop/product/multicolor-kanchipuram-silk-wedding-saree	https://kesimg.b-cdn.net/images/650/2025y/December/59744/Multi-Color-Viscose-Silk-Wedding-Wear-Weaving-Work-Wedding-Saree-Kanchipuram-Couture-3133-B(1).jpg	in_stock	494 USD	355 USD	new	LuxeMia	Apparel & Accessories > Clothing	Sarees > Wedding Sarees	female	adult	Multi Color	Viscose Silk	Weaving Work	US	no	Wedding Sarees	US:Standard:0.00 USD
saree-005	Antique Gold Kanchipuram Silk Wedding Saree	Capture the essence of royal opulence with this magnificent antique gold Viscose Silk saree that radiates warmth and prosperity. Fabric Details: Silk-blend viscose fabric combining the sheen of silk with the comfort of viscose. Easy to drape. Work & Craftsmanship: Weaving Work technique executed by skilled artisans. Color: Gold. Includes: Saree (5.5 meters) with Blouse piece (0.8 meters) attached. Petticoat not included. Sizing: Available in sizes S, M, L, XL, XXL. Free Size (up to 42 inches) also available. Custom tailoring available on request. Fit: Flattering fit-and-flare silhouette suitable for all body types. Care Instructions: Dry clean only. Store in a cool, dry place. Avoid direct sunlight to preserve color and embroidery. Perfect for: wedding ceremonies, reception. Shipping: Free worldwide shipping on orders over $200. Delivery within 7-12 business days to USA, UK, and Canada.	https://luxemia.shop/product/antique-gold-kanchipuram-silk-wedding-saree	https://kesimg.b-cdn.net/images/650/2025y/December/59744/Gold-Viscose-Silk-Wedding-Wear-Weaving-Work-Wedding-Saree-Kanchipuram-Couture-3131(1).jpg	in_stock	481 USD	346 USD	new	LuxeMia	Apparel & Accessories > Clothing	Sarees > Wedding Sarees	female	adult	Gold	Viscose Silk	Weaving Work	US	no	Wedding Sarees	US:Standard:0.00 USD
saree-006	Beige Gold Tissue Silk Wedding Saree	Ethereal beauty meets everyday luxury in this stunning beige gold PV Tissue Silk saree. Fabric Details: Lightweight tissue silk with metallic sheen. Creates a luminous, regal appearance. Work & Craftsmanship: Weaving Work technique executed by skilled artisans. Color: Beige Gold. Includes: Saree (5.5 meters) with Blouse piece (0.8 meters) attached. Petticoat not included. Sizing: Available in sizes S, M, L, XL, XXL. Free Size (up to 42 inches) also available. Custom tailoring available on request. Fit: Flattering fit-and-flare silhouette suitable for all body types. Care Instructions: Dry clean only. Store in a cool, dry place. Avoid direct sunlight to preserve color and embroidery. Perfect for: wedding ceremonies, reception. Shipping: Free worldwide shipping on orders over $200. Delivery within 7-12 business days to USA, UK, and Canada.	https://luxemia.shop/product/beige-gold-tissue-silk-wedding-saree	https://kesimg.b-cdn.net/images/650/2025y/December/59728/Beige-Gold-PV-Tissue-Silk-Wedding-Wear-Weaving-Work-Saree-Kreshva-Mangalsutra--3667-K-4298(1).jpg	in_stock	107 USD	79 USD	new	LuxeMia	Apparel & Accessories > Clothing	Sarees > Wedding Sarees	female	adult	Beige Gold	Tissue Silk	Weaving Work	US	no	Wedding Sarees	US:Standard:0.00 USD
saree-007	Pink Tissue Silk Wedding Saree	Romance blooms in this delicate pink PV Tissue Silk saree that combines the lightness of air with the richness of traditional wedding wear. Fabric Details: Lightweight tissue silk with metallic sheen. Creates a luminous, regal appearance. Work & Craftsmanship: Weaving Work technique executed by skilled artisans. Color: Pink. Includes: Saree (5.5 meters) with Blouse piece (0.8 meters) attached. Petticoat not included. Sizing: Available in sizes S, M, L, XL, XXL. Free Size (up to 42 inches) also available. Custom tailoring available on request. Fit: Flattering fit-and-flare silhouette suitable for all body types. Care Instructions: Dry clean only. Store in a cool, dry place. Avoid direct sunlight to preserve color and embroidery. Perfect for: wedding ceremonies, reception. Shipping: Free worldwide shipping on orders over $200. Delivery within 7-12 business days to USA, UK, and Canada.	https://luxemia.shop/product/pink-tissue-silk-wedding-saree	https://kesimg.b-cdn.net/images/650/2025y/December/59728/Pink-PV-Tissue-Silk-Wedding-Wear-Weaving-Work-Saree-Kreshva-Mangalsutra--3667-K-4297(1).jpg	in_stock	107 USD	79 USD	new	LuxeMia	Apparel & Accessories > Clothing	Sarees > Wedding Sarees	female	adult	Pink	Tissue Silk	Weaving Work	US	no	Wedding Sarees	US:Standard:0.00 USD
saree-008	Sea Green Tissue Silk Wedding Saree	Transport yourself to serene coastal beauty with this refreshing sea green PV Tissue Silk saree. Fabric Details: Lightweight tissue silk with metallic sheen. Creates a luminous, regal appearance. Work & Craftsmanship: Weaving Work technique executed by skilled artisans. Color: Sea Green. Includes: Saree (5.5 meters) with Blouse piece (0.8 meters) attached. Petticoat not included. Sizing: Available in sizes S, M, L, XL, XXL. Free Size (up to 42 inches) also available. Custom tailoring available on request. Fit: Flattering fit-and-flare silhouette suitable for all body types. Care Instructions: Dry clean only. Store in a cool, dry place. Avoid direct sunlight to preserve color and embroidery. Perfect for: wedding ceremonies, reception. Shipping: Free worldwide shipping on orders over $200. Delivery within 7-12 business days to USA, UK, and Canada.	https://luxemia.shop/product/sea-green-tissue-silk-wedding-saree	https://kesimg.b-cdn.net/images/650/2025y/December/59728/Sea-Green-PV-Tissue-Silk-Wedding-Wear-Weaving-Work-Saree-Kreshva-Mangalsutra--3667-K-4296(1).jpg	in_stock	107 USD	79 USD	new	LuxeMia	Apparel & Accessories > Clothing	Sarees > Wedding Sarees	female	adult	Sea Green	Tissue Silk	Weaving Work	US	no	Wedding Sarees	US:Standard:0.00 USD
saree-009	Sunset Orange Tissue Silk Wedding Saree	Embrace the warmth and energy of a glorious sunset with this vibrant orange PV Tissue Silk saree. Fabric Details: Lightweight tissue silk with metallic sheen. Creates a luminous, regal appearance. Work & Craftsmanship: Weaving Work technique executed by skilled artisans. Color: Orange. Includes: Saree (5.5 meters) with Blouse piece (0.8 meters) attached. Petticoat not included. Sizing: Available in sizes S, M, L, XL, XXL. Free Size (up to 42 inches) also available. Custom tailoring available on request. Fit: Flattering fit-and-flare silhouette suitable for all body types. Care Instructions: Dry clean only. Store in a cool, dry place. Avoid direct sunlight to preserve color and embroidery. Perfect for: wedding ceremonies, reception. Shipping: Free worldwide shipping on orders over $200. Delivery within 7-12 business days to USA, UK, and Canada.	https://luxemia.shop/product/sunset-orange-tissue-silk-wedding-saree	https://kesimg.b-cdn.net/images/650/2025y/December/59728/Orange-PV-Tissue-Silk-Wedding-Wear-Weaving-Work-Saree-Kreshva-Mangalsutra--3667-K-4295(1).jpg	in_stock	107 USD	79 USD	new	LuxeMia	Apparel & Accessories > Clothing	Sarees > Wedding Sarees	female	adult	Orange	Tissue Silk	Weaving Work	US	no	Wedding Sarees	US:Standard:0.00 USD
saree-010	Lavender Tissue Silk Wedding Saree	Dream in lavender with this enchanting PV Tissue Silk saree that brings a contemporary color palette to traditional wedding celebrations. Fabric Details: Lightweight tissue silk with metallic sheen. Creates a luminous, regal appearance. Work & Craftsmanship: Weaving Work technique executed by skilled artisans. Color: Lavender. Includes: Saree (5.5 meters) with Blouse piece (0.8 meters) attached. Petticoat not included. Sizing: Available in sizes S, M, L, XL, XXL. Free Size (up to 42 inches) also available. Custom tailoring available on request. Fit: Flattering fit-and-flare silhouette suitable for all body types. Care Instructions: Dry clean only. Store in a cool, dry place. Avoid direct sunlight to preserve color and embroidery. Perfect for: wedding ceremonies, reception. Shipping: Free worldwide shipping on orders over $200. Delivery within 7-12 business days to USA, UK, and Canada.	https://luxemia.shop/product/lavender-tissue-silk-wedding-saree	https://kesimg.b-cdn.net/images/650/2025y/December/59728/Lavender-PV-Tissue-Silk-Wedding-Wear-Weaving-Work-Saree-Kreshva-Mangalsutra--3667-K-4294(1).jpg	in_stock	107 USD	79 USD	new	LuxeMia	Apparel & Accessories > Clothing	Sarees > Wedding Sarees	female	adult	Lavender	Tissue Silk	Weaving Work	US	no	Wedding Sarees	US:Standard:0.00 USD
saree-011	Royal Blue Georgette Party Saree	Command attention in this stunning royal blue Georgette saree featuring intricate sequins work. Fabric Details: Lightweight, slightly sheer fabric with a crinkled texture. Excellent drape and movement. Work & Craftsmanship: Sequins Work technique executed by skilled artisans. Color: Royal Blue. Includes: Saree (5.5 meters) with Blouse piece (0.8 meters) attached. Petticoat not included. Sizing: Available in sizes S, M, L, XL, XXL. Free Size (up to 42 inches) also available. Custom tailoring available on request. Fit: Flattering fit-and-flare silhouette suitable for all body types. Care Instructions: Dry clean only. Store in a cool, dry place. Avoid direct sunlight to preserve color and embroidery. Perfect for: cocktail parties, evening events. Shipping: Free worldwide shipping on orders over $200. Delivery within 7-12 business days to USA, UK, and Canada.	https://luxemia.shop/product/royal-blue-georgette-party-saree	https://kesimg.b-cdn.net/images/650/2025y/December/59720/Blue-Georgette-Party-Wear-Sequins-Work-Saree-Nirmala-Vol-7-3668-K-4287(1).jpg	in_stock	146 USD	105 USD	new	LuxeMia	Apparel & Accessories > Clothing	Sarees > Party Sarees	female	adult	Royal Blue	Georgette	Sequins Work	US	no	Party Sarees	US:Standard:0.00 USD
saree-012	Wine Georgette Party Saree	Embrace sophisticated glamour with this intoxicating wine Georgette saree. Fabric Details: Lightweight, slightly sheer fabric with a crinkled texture. Excellent drape and movement. Work & Craftsmanship: Sequins Work technique executed by skilled artisans. Color: Wine. Includes: Saree (5.5 meters) with Blouse piece (0.8 meters) attached. Petticoat not included. Sizing: Available in sizes S, M, L, XL, XXL. Free Size (up to 42 inches) also available. Custom tailoring available on request. Fit: Flattering fit-and-flare silhouette suitable for all body types. Care Instructions: Dry clean only. Store in a cool, dry place. Avoid direct sunlight to preserve color and embroidery. Perfect for: cocktail parties, evening events. Shipping: Free worldwide shipping on orders over $200. Delivery within 7-12 business days to USA, UK, and Canada.	https://luxemia.shop/product/wine-georgette-party-saree	https://kesimg.b-cdn.net/images/650/2025y/December/59720/Wine-Georgette-Party-Wear-Sequins-Work-Saree-Nirmala-Vol-7-3668-K-4286(1).jpg	in_stock	146 USD	105 USD	new	LuxeMia	Apparel & Accessories > Clothing	Sarees > Party Sarees	female	adult	Wine	Georgette	Sequins Work	US	no	Party Sarees	US:Standard:0.00 USD
saree-013	Emerald Green Georgette Party Saree	Channel natural elegance with this stunning emerald green Georgette saree. Fabric Details: Lightweight, slightly sheer fabric with a crinkled texture. Excellent drape and movement. Work & Craftsmanship: Sequins Work technique executed by skilled artisans. Color: Emerald Green. Includes: Saree (5.5 meters) with Blouse piece (0.8 meters) attached. Petticoat not included. Sizing: Available in sizes S, M, L, XL, XXL. Free Size (up to 42 inches) also available. Custom tailoring available on request. Fit: Flattering fit-and-flare silhouette suitable for all body types. Care Instructions: Dry clean only. Store in a cool, dry place. Avoid direct sunlight to preserve color and embroidery. Perfect for: cocktail parties, evening events. Shipping: Free worldwide shipping on orders over $200. Delivery within 7-12 business days to USA, UK, and Canada.	https://luxemia.shop/product/emerald-green-georgette-party-saree	https://kesimg.b-cdn.net/images/650/2025y/December/59720/Green-Georgette-Party-Wear-Sequins-Work-Saree-Nirmala-Vol-7-3668-K-4285(1).jpg	in_stock	146 USD	105 USD	new	LuxeMia	Apparel & Accessories > Clothing	Sarees > Party Sarees	female	adult	Emerald Green	Georgette	Sequins Work	US	no	Party Sarees	US:Standard:0.00 USD
saree-014	Dusty Rose Georgette Party Saree	Whisper romance with this enchanting dusty rose Georgette saree. Fabric Details: Lightweight, slightly sheer fabric with a crinkled texture. Excellent drape and movement. Work & Craftsmanship: Sequins Work technique executed by skilled artisans. Color: Dusty Rose. Includes: Saree (5.5 meters) with Blouse piece (0.8 meters) attached. Petticoat not included. Sizing: Available in sizes S, M, L, XL, XXL. Free Size (up to 42 inches) also available. Custom tailoring available on request. Fit: Flattering fit-and-flare silhouette suitable for all body types. Care Instructions: Dry clean only. Store in a cool, dry place. Avoid direct sunlight to preserve color and embroidery. Perfect for: cocktail parties, evening events. Shipping: Free worldwide shipping on orders over $200. Delivery within 7-12 business days to USA, UK, and Canada.	https://luxemia.shop/product/dusty-rose-georgette-party-saree	https://kesimg.b-cdn.net/images/650/2025y/December/59720/Dusty-Rose-Georgette-Party-Wear-Sequins-Work-Saree-Nirmala-Vol-7-3668-K-4284(1).jpg	in_stock	137 USD	99 USD	new	LuxeMia	Apparel & Accessories > Clothing	Sarees > Party Sarees	female	adult	Dusty Rose	Georgette	Sequins Work	US	no	Party Sarees	US:Standard:0.00 USD
saree-015	Black Georgette Party Saree	Make a bold statement with this striking black Georgette saree. Fabric Details: Lightweight, slightly sheer fabric with a crinkled texture. Excellent drape and movement. Work & Craftsmanship: Sequins Work technique executed by skilled artisans. Color: Black. Includes: Saree (5.5 meters) with Blouse piece (0.8 meters) attached. Petticoat not included. Sizing: Available in sizes S, M, L, XL, XXL. Free Size (up to 42 inches) also available. Custom tailoring available on request. Fit: Flattering fit-and-flare silhouette suitable for all body types. Care Instructions: Dry clean only. Store in a cool, dry place. Avoid direct sunlight to preserve color and embroidery. Perfect for: cocktail parties, evening events. Shipping: Free worldwide shipping on orders over $200. Delivery within 7-12 business days to USA, UK, and Canada.	https://luxemia.shop/product/black-georgette-party-saree	https://kesimg.b-cdn.net/images/650/2025y/December/59720/Black-Georgette-Party-Wear-Sequins-Work-Saree-Nirmala-Vol-7-3668-K-4283(1).jpg	in_stock	146 USD	105 USD	new	LuxeMia	Apparel & Accessories > Clothing	Sarees > Party Sarees	female	adult	Black	Georgette	Sequins Work	US	no	Party Sarees	US:Standard:0.00 USD
saree-021	Magenta Art Silk Festive Saree	Celebrate with vibrant energy in this stunning magenta Art Silk saree. Fabric Details: Artificial silk (polyester) mimicking the look and feel of natural silk at an accessible price point. Work & Craftsmanship: Weaving Work technique executed by skilled artisans. Color: Magenta. Includes: Saree (5.5 meters) with Blouse piece (0.8 meters) attached. Petticoat not included. Sizing: Available in sizes S, M, L, XL, XXL. Free Size (up to 42 inches) also available. Custom tailoring available on request. Fit: Flattering fit-and-flare silhouette suitable for all body types. Care Instructions: Dry clean only. Store in a cool, dry place. Avoid direct sunlight to preserve color and embroidery. Perfect for: Diwali, Navratri, religious ceremonies. Shipping: Free worldwide shipping on orders over $200. Delivery within 7-12 business days to USA, UK, and Canada.	https://luxemia.shop/product/magenta-art-silk-festive-saree	https://kesimg.b-cdn.net/images/650/2025y/December/59708/Magenta-Art-Silk-Festival-Wear-Weaving-Work-Saree-Nirmala-Vol-6-3665-K-4277(1).jpg	in_stock	125 USD	90 USD	new	LuxeMia	Apparel & Accessories > Clothing	Sarees > Festive Sarees	female	adult	Magenta	Art Silk	Weaving Work	US	no	Festive Sarees	US:Standard:0.00 USD
saree-022	Teal Green Art Silk Festive Saree	Channel royal elegance with this stunning teal green Art Silk saree. Fabric Details: Artificial silk (polyester) mimicking the look and feel of natural silk at an accessible price point. Work & Craftsmanship: Weaving Work technique executed by skilled artisans. Color: Teal Green. Includes: Saree (5.5 meters) with Blouse piece (0.8 meters) attached. Petticoat not included. Sizing: Available in sizes S, M, L, XL, XXL. Free Size (up to 42 inches) also available. Custom tailoring available on request. Fit: Flattering fit-and-flare silhouette suitable for all body types. Care Instructions: Dry clean only. Store in a cool, dry place. Avoid direct sunlight to preserve color and embroidery. Perfect for: Diwali, Navratri, religious ceremonies. Shipping: Free worldwide shipping on orders over $200. Delivery within 7-12 business days to USA, UK, and Canada.	https://luxemia.shop/product/teal-green-art-silk-festive-saree	https://kesimg.b-cdn.net/images/650/2025y/December/59708/Teal-Green-Art-Silk-Festival-Wear-Weaving-Work-Saree-Nirmala-Vol-6-3665-K-4276(1).jpg	in_stock	125 USD	90 USD	new	LuxeMia	Apparel & Accessories > Clothing	Sarees > Festive Sarees	female	adult	Teal Green	Art Silk	Weaving Work	US	no	Festive Sarees	US:Standard:0.00 USD
saree-023	Maroon Art Silk Festive Saree	Embrace traditional elegance with this rich maroon Art Silk saree. Fabric Details: Artificial silk (polyester) mimicking the look and feel of natural silk at an accessible price point. Work & Craftsmanship: Weaving Work technique executed by skilled artisans. Color: Maroon. Includes: Saree (5.5 meters) with Blouse piece (0.8 meters) attached. Petticoat not included. Sizing: Available in sizes S, M, L, XL, XXL. Free Size (up to 42 inches) also available. Custom tailoring available on request. Fit: Flattering fit-and-flare silhouette suitable for all body types. Care Instructions: Dry clean only. Store in a cool, dry place. Avoid direct sunlight to preserve color and embroidery. Perfect for: Diwali, Navratri, religious ceremonies. Shipping: Free worldwide shipping on orders over $200. Delivery within 7-12 business days to USA, UK, and Canada.	https://luxemia.shop/product/maroon-art-silk-festive-saree	https://kesimg.b-cdn.net/images/650/2025y/December/59708/Maroon-Art-Silk-Festival-Wear-Weaving-Work-Saree-Nirmala-Vol-6-3665-K-4275(1).jpg	in_stock	125 USD	90 USD	new	LuxeMia	Apparel & Accessories > Clothing	Sarees > Festive Sarees	female	adult	Maroon	Art Silk	Weaving Work	US	no	Festive Sarees	US:Standard:0.00 USD
saree-024	Mustard Yellow Art Silk Festive Saree	Radiate warmth with this vibrant mustard yellow Art Silk saree. Fabric Details: Artificial silk (polyester) mimicking the look and feel of natural silk at an accessible price point. Work & Craftsmanship: Weaving Work technique executed by skilled artisans. Color: Mustard Yellow. Includes: Saree (5.5 meters) with Blouse piece (0.8 meters) attached. Petticoat not included. Sizing: Available in sizes S, M, L, XL, XXL. Free Size (up to 42 inches) also available. Custom tailoring available on request. Fit: Flattering fit-and-flare silhouette suitable for all body types. Care Instructions: Dry clean only. Store in a cool, dry place. Avoid direct sunlight to preserve color and embroidery. Perfect for: Diwali, Navratri, religious ceremonies. Shipping: Free worldwide shipping on orders over $200. Delivery within 7-12 business days to USA, UK, and Canada.	https://luxemia.shop/product/mustard-yellow-art-silk-festive-saree	https://kesimg.b-cdn.net/images/650/2025y/December/59708/Mustard-Yellow-Art-Silk-Festival-Wear-Weaving-Work-Saree-Nirmala-Vol-6-3665-K-4274(1).jpg	in_stock	125 USD	90 USD	new	LuxeMia	Apparel & Accessories > Clothing	Sarees > Festive Sarees	female	adult	Mustard Yellow	Art Silk	Weaving Work	US	no	Festive Sarees	US:Standard:0.00 USD
saree-025	Royal Purple Art Silk Festive Saree	Channel regal elegance with this stunning royal purple Art Silk saree. Fabric Details: Artificial silk (polyester) mimicking the look and feel of natural silk at an accessible price point. Work & Craftsmanship: Weaving Work technique executed by skilled artisans. Color: Royal Purple. Includes: Saree (5.5 meters) with Blouse piece (0.8 meters) attached. Petticoat not included. Sizing: Available in sizes S, M, L, XL, XXL. Free Size (up to 42 inches) also available. Custom tailoring available on request. Fit: Flattering fit-and-flare silhouette suitable for all body types. Care Instructions: Dry clean only. Store in a cool, dry place. Avoid direct sunlight to preserve color and embroidery. Perfect for: Diwali, Navratri, religious ceremonies. Shipping: Free worldwide shipping on orders over $200. Delivery within 7-12 business days to USA, UK, and Canada.	https://luxemia.shop/product/royal-purple-art-silk-festive-saree	https://kesimg.b-cdn.net/images/650/2025y/December/59708/Purple-Art-Silk-Festival-Wear-Weaving-Work-Saree-Nirmala-Vol-6-3665-K-4273(1).jpg	in_stock	125 USD	90 USD	new	LuxeMia	Apparel & Accessories > Clothing	Sarees > Festive Sarees	female	adult	Royal Purple	Art Silk	Weaving Work	US	no	Festive Sarees	US:Standard:0.00 USD
saree-026	Silk Yellow Occasional Wear Embroidery Saree	Radiate sunshine elegance with this stunning yellow Silk saree featuring exquisite embroidery work. Fabric Details: Luxurious silk fabric with natural sheen and rich texture. Comfortable for extended wear. Work & Craftsmanship: Embroidery Work technique executed by skilled artisans. Color: Yellow. Includes: Saree (5.5 meters) with Blouse piece (0.8 meters) attached. Petticoat not included. Sizing: Available in sizes S, M, L, XL, XXL. Free Size (up to 42 inches) also available. Custom tailoring available on request. Fit: Flattering fit-and-flare silhouette suitable for all body types. Care Instructions: Dry clean only. Store in a cool, dry place. Avoid direct sunlight to preserve color and embroidery. Perfect for: housewarmings, pooja ceremonies. Shipping: Free worldwide shipping on orders over $200. Delivery within 7-12 business days to USA, UK, and Canada.	https://luxemia.shop/product/silk-yellow-occasional-embroidery-saree	https://kesimg.b-cdn.net/images/650/2026y/January/59800/Yellow-Silk-Occasional-Wear-Embroidery-Work-Saree-3689-6039-D(1).jpg	in_stock	156 USD	121 USD	new	LuxeMia	Apparel & Accessories > Clothing	Sarees > Occasional Sarees	female	adult	Yellow	Silk	Embroidery Work	US	no	Occasional Sarees	US:Standard:0.00 USD
saree-027	Silk Light Pink Occasional Wear Embroidery Saree	Embrace soft femininity with this beautiful light pink Silk saree adorned with delicate embroidery work. Fabric Details: Luxurious silk fabric with natural sheen and rich texture. Comfortable for extended wear. Work & Craftsmanship: Embroidery Work technique executed by skilled artisans. Color: Light Pink. Includes: Saree (5.5 meters) with Blouse piece (0.8 meters) attached. Petticoat not included. Sizing: Available in sizes S, M, L, XL, XXL. Free Size (up to 42 inches) also available. Custom tailoring available on request. Fit: Flattering fit-and-flare silhouette suitable for all body types. Care Instructions: Dry clean only. Store in a cool, dry place. Avoid direct sunlight to preserve color and embroidery. Perfect for: housewarmings, pooja ceremonies. Shipping: Free worldwide shipping on orders over $200. Delivery within 7-12 business days to USA, UK, and Canada.	https://luxemia.shop/product/silk-light-pink-occasional-embroidery-saree	https://kesimg.b-cdn.net/images/650/2026y/January/59800/Light-Pink-Silk-Occasional-Wear-Embroidery-Work-Saree-3689-6039-C(1).jpg	in_stock	156 USD	121 USD	new	LuxeMia	Apparel & Accessories > Clothing	Sarees > Occasional Sarees	female	adult	Light Pink	Silk	Embroidery Work	US	no	Occasional Sarees	US:Standard:0.00 USD
saree-028	Silk Green Occasional Wear Embroidery Saree	Channel natural elegance with this lush green Silk saree featuring refined embroidery work. Fabric Details: Luxurious silk fabric with natural sheen and rich texture. Comfortable for extended wear. Work & Craftsmanship: Embroidery Work technique executed by skilled artisans. Color: Green. Includes: Saree (5.5 meters) with Blouse piece (0.8 meters) attached. Petticoat not included. Sizing: Available in sizes S, M, L, XL, XXL. Free Size (up to 42 inches) also available. Custom tailoring available on request. Fit: Flattering fit-and-flare silhouette suitable for all body types. Care Instructions: Dry clean only. Store in a cool, dry place. Avoid direct sunlight to preserve color and embroidery. Perfect for: housewarmings, pooja ceremonies. Shipping: Free worldwide shipping on orders over $200. Delivery within 7-12 business days to USA, UK, and Canada.	https://luxemia.shop/product/silk-green-occasional-embroidery-saree	https://kesimg.b-cdn.net/images/650/2026y/January/59800/Green-Silk-Occasional-Wear-Embroidery-Work-Saree-3689-6039-B(1).jpg	in_stock	156 USD	121 USD	new	LuxeMia	Apparel & Accessories > Clothing	Sarees > Occasional Sarees	female	adult	Green	Silk	Embroidery Work	US	no	Occasional Sarees	US:Standard:0.00 USD
saree-029	Silk Sea Green Occasional Wear Embroidery Saree	Experience coastal serenity with this refreshing sea green Silk saree featuring intricate embroidery work. Fabric Details: Luxurious silk fabric with natural sheen and rich texture. Comfortable for extended wear. Work & Craftsmanship: Embroidery Work technique executed by skilled artisans. Color: Sea Green. Includes: Saree (5.5 meters) with Blouse piece (0.8 meters) attached. Petticoat not included. Sizing: Available in sizes S, M, L, XL, XXL. Free Size (up to 42 inches) also available. Custom tailoring available on request. Fit: Flattering fit-and-flare silhouette suitable for all body types. Care Instructions: Dry clean only. Store in a cool, dry place. Avoid direct sunlight to preserve color and embroidery. Perfect for: housewarmings, pooja ceremonies. Shipping: Free worldwide shipping on orders over $200. Delivery within 7-12 business days to USA, UK, and Canada.	https://luxemia.shop/product/silk-sea-green-occasional-embroidery-saree	https://kesimg.b-cdn.net/images/650/2026y/January/59800/Sea-Green-Silk-Occasional-Wear-Embroidery-Work-Saree-3689-6039-A(1).jpg	in_stock	156 USD	121 USD	new	LuxeMia	Apparel & Accessories > Clothing	Sarees > Occasional Sarees	female	adult	Sea Green	Silk	Embroidery Work	US	no	Occasional Sarees	US:Standard:0.00 USD
saree-030	Silk Rani Pink Casual Wear Sequins Saree	Make every day special with this vibrant rani pink Silk saree featuring dazzling sequins work. Fabric Details: Luxurious silk fabric with natural sheen and rich texture. Comfortable for extended wear. Work & Craftsmanship: Sequins Work technique executed by skilled artisans. Color: Rani Pink. Includes: Saree (5.5 meters) with Blouse piece (0.8 meters) attached. Petticoat not included. Sizing: Available in sizes S, M, L, XL, XXL. Free Size (up to 42 inches) also available. Custom tailoring available on request. Fit: Flattering fit-and-flare silhouette suitable for all body types. Care Instructions: Dry clean only. Store in a cool, dry place. Avoid direct sunlight to preserve color and embroidery. Perfect for: daily wear, casual gatherings. Shipping: Free worldwide shipping on orders over $200. Delivery within 7-12 business days to USA, UK, and Canada.	https://luxemia.shop/product/silk-rani-pink-casual-sequins-saree	https://kesimg.b-cdn.net/images/650/2026y/January/59798/Rani-Pink-Silk-Casual-Wear-Sequins-Work--Saree-3687-7575-C(1).jpg	in_stock	73 USD	57 USD	new	LuxeMia	Apparel & Accessories > Clothing	Sarees > Casual Sarees	female	adult	Rani Pink	Silk	Sequins Work	US	no	Casual Sarees	US:Standard:0.00 USD
saree-031	Silk Rust Orange Casual Wear Sequins Saree	Embrace earthy warmth with this stunning rust orange Silk saree adorned with shimmering sequins. Fabric Details: Luxurious silk fabric with natural sheen and rich texture. Comfortable for extended wear. Work & Craftsmanship: Sequins Work technique executed by skilled artisans. Color: Rust Orange. Includes: Saree (5.5 meters) with Blouse piece (0.8 meters) attached. Petticoat not included. Sizing: Available in sizes S, M, L, XL, XXL. Free Size (up to 42 inches) also available. Custom tailoring available on request. Fit: Flattering fit-and-flare silhouette suitable for all body types. Care Instructions: Dry clean only. Store in a cool, dry place. Avoid direct sunlight to preserve color and embroidery. Perfect for: daily wear, casual gatherings. Shipping: Free worldwide shipping on orders over $200. Delivery within 7-12 business days to USA, UK, and Canada.	https://luxemia.shop/product/silk-rust-orange-casual-sequins-saree	https://kesimg.b-cdn.net/images/650/2026y/January/59798/Rust-Orange-Silk-Casual-Wear-Sequins-Work--Saree-3687-7575-B(1).jpg	in_stock	73 USD	57 USD	new	LuxeMia	Apparel & Accessories > Clothing	Sarees > Casual Sarees	female	adult	Rust Orange	Silk	Sequins Work	US	no	Casual Sarees	US:Standard:0.00 USD
saree-032	Silk Blue Casual Wear Sequins Saree	Channel serene elegance with this beautiful blue Silk saree featuring sparkling sequins work. Fabric Details: Luxurious silk fabric with natural sheen and rich texture. Comfortable for extended wear. Work & Craftsmanship: Sequins Work technique executed by skilled artisans. Color: Blue. Includes: Saree (5.5 meters) with Blouse piece (0.8 meters) attached. Petticoat not included. Sizing: Available in sizes S, M, L, XL, XXL. Free Size (up to 42 inches) also available. Custom tailoring available on request. Fit: Flattering fit-and-flare silhouette suitable for all body types. Care Instructions: Dry clean only. Store in a cool, dry place. Avoid direct sunlight to preserve color and embroidery. Perfect for: daily wear, casual gatherings. Shipping: Free worldwide shipping on orders over $200. Delivery within 7-12 business days to USA, UK, and Canada.	https://luxemia.shop/product/silk-blue-casual-sequins-saree	https://kesimg.b-cdn.net/images/650/2026y/January/59798/Blue-Silk-Casual-Wear-Sequins-Work--Saree-3687-7575-A(1).jpg	in_stock	73 USD	57 USD	new	LuxeMia	Apparel & Accessories > Clothing	Sarees > Casual Sarees	female	adult	Blue	Silk	Sequins Work	US	no	Casual Sarees	US:Standard:0.00 USD
saree-033	Banarasi Silk Mustard Festival Wear Weaving Saree	Experience timeless Banarasi craftsmanship with this gorgeous mustard Silk saree featuring traditional weaving work. Fabric Details: Heritage Banarasi weave with traditional motifs. Rich texture and lasting quality. Work & Craftsmanship: Weaving Work technique executed by skilled artisans. Color: Mustard. Includes: Saree (5.5 meters) with Blouse piece (0.8 meters) attached. Petticoat not included. Sizing: Available in sizes S, M, L, XL, XXL. Free Size (up to 42 inches) also available. Custom tailoring available on request. Fit: Flattering fit-and-flare silhouette suitable for all body types. Care Instructions: Dry clean only. Store in a cool, dry place. Avoid direct sunlight to preserve color and embroidery. Perfect for: Diwali, Navratri, religious ceremonies. Shipping: Free worldwide shipping on orders over $200. Delivery within 7-12 business days to USA, UK, and Canada.	https://luxemia.shop/product/banarasi-silk-mustard-festival-weaving-saree	https://kesimg.b-cdn.net/images/650/2025y/December/59780/Mustard-Banarasi-Silk-Festival-Wear-Weaving-Work-Saree-Lotus-F(1).jpg	in_stock	66 USD	51 USD	new	LuxeMia	Apparel & Accessories > Clothing	Sarees > Festive Sarees	female	adult	Mustard	Banarasi Silk	Weaving Work	US	no	Festive Sarees	US:Standard:0.00 USD
saree-034	Banarasi Silk Mint Green Festival Wear Weaving Saree	Embrace fresh elegance with this beautiful mint green Banarasi Silk saree featuring exquisite weaving work. Fabric Details: Heritage Banarasi weave with traditional motifs. Rich texture and lasting quality. Work & Craftsmanship: Weaving Work technique executed by skilled artisans. Color: Mint Green. Includes: Saree (5.5 meters) with Blouse piece (0.8 meters) attached. Petticoat not included. Sizing: Available in sizes S, M, L, XL, XXL. Free Size (up to 42 inches) also available. Custom tailoring available on request. Fit: Flattering fit-and-flare silhouette suitable for all body types. Care Instructions: Dry clean only. Store in a cool, dry place. Avoid direct sunlight to preserve color and embroidery. Perfect for: Diwali, Navratri, religious ceremonies. Shipping: Free worldwide shipping on orders over $200. Delivery within 7-12 business days to USA, UK, and Canada.	https://luxemia.shop/product/banarasi-silk-mint-green-festival-weaving-saree	https://kesimg.b-cdn.net/images/650/2025y/December/59780/Mint-Green-Banarasi-Silk-Festival-Wear-Weaving-Work-Saree-Lotus-B(1).jpg	in_stock	66 USD	51 USD	new	LuxeMia	Apparel & Accessories > Clothing	Sarees > Festive Sarees	female	adult	Mint Green	Banarasi Silk	Weaving Work	US	no	Festive Sarees	US:Standard:0.00 USD
saree-035	Fendy Satin Teal Green Occasional Wear Embroidery Saree	Make a sophisticated statement with this elegant teal green Fendy Satin saree featuring refined embroidery work. Fabric Details: Smooth satin fabric with glossy finish and elegant drape. Work & Craftsmanship: Embroidery Work technique executed by skilled artisans. Color: Teal Green. Includes: Saree (5.5 meters) with Blouse piece (0.8 meters) attached. Petticoat not included. Sizing: Available in sizes S, M, L, XL, XXL. Free Size (up to 42 inches) also available. Custom tailoring available on request. Fit: Flattering fit-and-flare silhouette suitable for all body types. Care Instructions: Dry clean only. Store in a cool, dry place. Avoid direct sunlight to preserve color and embroidery. Perfect for: housewarmings, pooja ceremonies. Shipping: Free worldwide shipping on orders over $200. Delivery within 7-12 business days to USA, UK, and Canada.	https://luxemia.shop/product/fendy-satin-teal-green-occasional-embroidery-saree	https://kesimg.b-cdn.net/images/650/2025y/December/59779/Teal-Green-Fendy-Satin-Ocassional-Wear-Embroidery-Work-Saree-VT-815-T-C(1).jpg	in_stock	79 USD	60 USD	new	LuxeMia	Apparel & Accessories > Clothing	Sarees > Occasional Sarees	female	adult	Teal Green	Fendy Satin	Embroidery Work	US	no	Occasional Sarees	US:Standard:0.00 USD
mens-001	Grey Art Silk Groom Sherwani	Command attention on your special day with this distinguished grey Art Silk sherwani featuring exquisite hand embroidery. Fabric Details: Artificial silk (polyester) mimicking the look and feel of natural silk at an accessible price point. Work & Craftsmanship: Hand Embroidery technique executed by skilled artisans. Color: Grey. Includes: Sherwani, Churidar (pants), and Dupatta/Stole. Sizing: Available in chest sizes 36-44 inches. Refer to our size guide for detailed measurements. Fit: Regular fit with structured shoulders. Care Instructions: Dry clean only. Store in a cool, dry place. Avoid direct sunlight to preserve color and embroidery. Perfect for: groom's wedding day, baraat. Shipping: Free worldwide shipping on orders over $200. Delivery within 7-12 business days to USA, UK, and Canada.	https://luxemia.shop/product/grey-art-silk-groom-sherwani	https://kesimg.b-cdn.net/images/650/2025y/October/59064/Grey-Art-Silk-Wedding-Wear-Hand-Embroidery-Readymade-Groom-Sherwani-4032(1).jpg	in_stock	596 USD	429 USD	new	LuxeMia	Apparel & Accessories > Clothing > Suits	Menswear > Groom Sherwanis	male	adult	Grey	Art Silk	Hand Embroidery	US	no	Groom Sherwanis	US:Standard:0.00 USD
mens-002	Purple Art Silk Groom Sherwani	Make a bold statement with this regal purple Art Silk sherwani that channels royal heritage. Fabric Details: Artificial silk (polyester) mimicking the look and feel of natural silk at an accessible price point. Work & Craftsmanship: Hand Embroidery technique executed by skilled artisans. Color: Purple. Includes: Sherwani, Churidar (pants), and Dupatta/Stole. Sizing: Available in chest sizes 36-44 inches. Refer to our size guide for detailed measurements. Fit: Regular fit with structured shoulders. Care Instructions: Dry clean only. Store in a cool, dry place. Avoid direct sunlight to preserve color and embroidery. Perfect for: groom's wedding day, baraat. Shipping: Free worldwide shipping on orders over $200. Delivery within 7-12 business days to USA, UK, and Canada.	https://luxemia.shop/product/purple-art-silk-groom-sherwani	https://kesimg.b-cdn.net/images/650/2025y/October/59064/Purple-Art-Silk-Wedding-Wear-Hand-Embroidery-Readymade-Groom-Sherwani-4031(1).jpg	in_stock	596 USD	429 USD	new	LuxeMia	Apparel & Accessories > Clothing > Suits	Menswear > Groom Sherwanis	male	adult	Purple	Art Silk	Hand Embroidery	US	no	Groom Sherwanis	US:Standard:0.00 USD
mens-003	Off White Art Silk Groom Sherwani	Embrace timeless elegance with this pristine off-white Art Silk sherwani that represents purity and new beginnings. Fabric Details: Artificial silk (polyester) mimicking the look and feel of natural silk at an accessible price point. Work & Craftsmanship: Hand Embroidery technique executed by skilled artisans. Color: Off White. Includes: Sherwani, Churidar (pants), and Dupatta/Stole. Sizing: Available in chest sizes 36-44 inches. Refer to our size guide for detailed measurements. Fit: Regular fit with structured shoulders. Care Instructions: Dry clean only. Store in a cool, dry place. Avoid direct sunlight to preserve color and embroidery. Perfect for: groom's wedding day, baraat. Shipping: Free worldwide shipping on orders over $200. Delivery within 7-12 business days to USA, UK, and Canada.	https://luxemia.shop/product/off-white-art-silk-groom-sherwani	https://kesimg.b-cdn.net/images/650/2025y/October/59064/Off-White-Art-Silk-Wedding-Wear-Hand-Embroidery-Readymade-Groom-Sherwani-4030(1).jpg	in_stock	596 USD	429 USD	new	LuxeMia	Apparel & Accessories > Clothing > Suits	Menswear > Groom Sherwanis	male	adult	Off White	Art Silk	Hand Embroidery	US	no	Groom Sherwanis	US:Standard:0.00 USD
mens-008	Maroon Banarasi Jacquard Sherwani	Embrace passionate elegance with this stunning maroon Banarasi Jacquard sherwani featuring exquisite hand embroidery. Fabric Details: Premium Banarasi Jacquard fabric with quality craftsmanship. Work & Craftsmanship: Hand Embroidery technique executed by skilled artisans. Color: Maroon. Includes: Sherwani, Churidar (pants), and Dupatta/Stole. Sizing: Available in chest sizes 36-44 inches. Refer to our size guide for detailed measurements. Fit: Regular fit with structured shoulders. Care Instructions: Dry clean only. Store in a cool, dry place. Avoid direct sunlight to preserve color and embroidery. Perfect for: groom's wedding day, baraat. Shipping: Free worldwide shipping on orders over $200. Delivery within 7-12 business days to USA, UK, and Canada.	https://luxemia.shop/product/maroon-banarasi-jacquard-sherwani	https://kesimg.b-cdn.net/images/650/2025y/October/59064/Maroon-Banarasi-Jacquard-Wedding-Wear-Hand-Embroidery-Readymade-Groom-Sherwani-4024(1).jpg	in_stock	1183 USD	852 USD	new	LuxeMia	Apparel & Accessories > Clothing > Suits	Menswear > Groom Sherwanis	male	adult	Maroon	Banarasi Jacquard	Hand Embroidery	US	no	Groom Sherwanis	US:Standard:0.00 USD
mens-024	Pink Banarasi Jacquard Sherwani	Embrace romantic elegance with this sophisticated pink Banarasi Jacquard sherwani. Fabric Details: Premium Banarasi Jacquard fabric with quality craftsmanship. Work & Craftsmanship: Hand Embroidery technique executed by skilled artisans. Color: Pink. Includes: Sherwani, Churidar (pants), and Dupatta/Stole. Sizing: Available in chest sizes 36-44 inches. Refer to our size guide for detailed measurements. Fit: Regular fit with structured shoulders. Care Instructions: Dry clean only. Store in a cool, dry place. Avoid direct sunlight to preserve color and embroidery. Perfect for: groom's wedding day, baraat. Shipping: Free worldwide shipping on orders over $200. Delivery within 7-12 business days to USA, UK, and Canada.	https://luxemia.shop/product/pink-banarasi-jacquard-sherwani	https://kesimg.b-cdn.net/images/650/2025y/October/59064/Pink-Banarasi-Jacquard-Wedding-Wear-Hand-Embroidery-Readymade-Groom-Sherwani-4021(1).jpg	in_stock	1046 USD	753 USD	new	LuxeMia	Apparel & Accessories > Clothing > Suits	Menswear > Groom Sherwanis	male	adult	Pink	Banarasi Jacquard	Hand Embroidery	US	no	Groom Sherwanis	US:Standard:0.00 USD
mens-019	Navy Blue Velvet Sherwani	Command attention with this distinguished navy blue velvet sherwani that channels timeless sophistication. Fabric Details: Premium velvet with soft pile and luxurious hand-feel. Perfect for winter celebrations. Work & Craftsmanship: Embroidery technique executed by skilled artisans. Color: Navy Blue. Includes: Sherwani, Churidar (pants), and Dupatta/Stole. Sizing: Available in chest sizes 36-44 inches. Refer to our size guide for detailed measurements. Fit: Regular fit with structured shoulders. Care Instructions: Dry clean only. Store in a cool, dry place. Avoid direct sunlight to preserve color and embroidery. Perfect for: wedding reception, engagement. Shipping: Free worldwide shipping on orders over $200. Delivery within 7-12 business days to USA, UK, and Canada.	https://luxemia.shop/product/navy-blue-velvet-sherwani	https://kesimg.b-cdn.net/images/650/2025y/October/58974/Navy-Blue-Embosed-Velvet-Wedding-Wear-Embroidery-Work-Readymade-Sherwani-4151(1).jpg	in_stock	506 USD	394 USD	new	LuxeMia	Apparel & Accessories > Clothing > Suits	Menswear > Sherwanis	male	adult	Navy Blue	Velvet	Embroidery	US	no	Sherwanis	US:Standard:0.00 USD
mens-020	Magenta Velvet Sherwani	Make a bold statement with this striking magenta velvet sherwani that brings vibrant energy to wedding celebrations. Fabric Details: Premium velvet with soft pile and luxurious hand-feel. Perfect for winter celebrations. Work & Craftsmanship: Embroidery technique executed by skilled artisans. Color: Magenta. Includes: Sherwani, Churidar (pants), and Dupatta/Stole. Sizing: Available in chest sizes 36-44 inches. Refer to our size guide for detailed measurements. Fit: Regular fit with structured shoulders. Care Instructions: Dry clean only. Store in a cool, dry place. Avoid direct sunlight to preserve color and embroidery. Perfect for: wedding reception, engagement. Shipping: Free worldwide shipping on orders over $200. Delivery within 7-12 business days to USA, UK, and Canada.	https://luxemia.shop/product/magenta-velvet-sherwani	https://kesimg.b-cdn.net/images/650/2025y/October/58974/Magenta-Embosed-Velvet-Wedding-Wear-Embroidery-Work-Readymade-Sherwani-4150(1).jpg	in_stock	506 USD	394 USD	new	LuxeMia	Apparel & Accessories > Clothing > Suits	Menswear > Sherwanis	male	adult	Magenta	Velvet	Embroidery	US	no	Sherwanis	US:Standard:0.00 USD
mens-021	Black Velvet Sherwani	Embrace powerful sophistication with this striking black velvet sherwani. Fabric Details: Premium velvet with soft pile and luxurious hand-feel. Perfect for winter celebrations. Work & Craftsmanship: Embroidery technique executed by skilled artisans. Color: Black. Includes: Sherwani, Churidar (pants), and Dupatta/Stole. Sizing: Available in chest sizes 36-44 inches. Refer to our size guide for detailed measurements. Fit: Regular fit with structured shoulders. Care Instructions: Dry clean only. Store in a cool, dry place. Avoid direct sunlight to preserve color and embroidery. Perfect for: wedding reception, engagement. Shipping: Free worldwide shipping on orders over $200. Delivery within 7-12 business days to USA, UK, and Canada.	https://luxemia.shop/product/black-velvet-sherwani	https://kesimg.b-cdn.net/images/650/2025y/October/58974/Black-Embosed-Velvet-Wedding-Wear-Embroidery-Work-Readymade-Sherwani-4148(1).jpg	in_stock	442 USD	345 USD	new	LuxeMia	Apparel & Accessories > Clothing > Suits	Menswear > Sherwanis	male	adult	Black	Velvet	Embroidery	US	no	Sherwanis	US:Standard:0.00 USD
suit-001	Red Silk Eid Anarkali Suit	Celebrate in magnificent style with this stunning red silk Anarkali suit perfect for Eid celebrations and festive gatherings. Fabric Details: Luxurious silk fabric with natural sheen and rich texture. Comfortable for extended wear. Work & Craftsmanship: Embroidery technique executed by skilled artisans. Color: Red. Includes: Anarkali Kurta (top), Bottom (churidar/palazzo/sharara as per style), and Dupatta. Sizing: Available in sizes S, M, L, XL, XXL. Free Size (up to 42 inches) also available. Custom tailoring available on request. Fit: Flattering fit-and-flare silhouette suitable for all body types. Care Instructions: Dry clean only. Store in a cool, dry place. Avoid direct sunlight to preserve color and embroidery. Perfect for: festive celebrations, wedding guest. Shipping: Free worldwide shipping on orders over $200. Delivery within 7-12 business days to USA, UK, and Canada.	https://luxemia.shop/product/red-silk-eid-anarkali-suit	https://kesimg.b-cdn.net/images/650/2026y/January/59797/RED-Silk-Eid-Wear-Embroidery-Work-Readymade-Anarkali-Suit-5554-681-B(1).jpg	in_stock	94 USD	73 USD	new	LuxeMia	Apparel & Accessories > Clothing > Dresses	Suits > Anarkali Suits	female	adult	Red	Silk	Embroidery	US	no	Anarkali Suits	US:Standard:0.00 USD
suit-002	Green Silk Eid Anarkali Suit	Embrace nature-inspired elegance with this beautiful green silk Anarkali suit designed for Eid and festive celebrations. Fabric Details: Luxurious silk fabric with natural sheen and rich texture. Comfortable for extended wear. Work & Craftsmanship: Embroidery technique executed by skilled artisans. Color: Green. Includes: Anarkali Kurta (top), Bottom (churidar/palazzo/sharara as per style), and Dupatta. Sizing: Available in sizes S, M, L, XL, XXL. Free Size (up to 42 inches) also available. Custom tailoring available on request. Fit: Flattering fit-and-flare silhouette suitable for all body types. Care Instructions: Dry clean only. Store in a cool, dry place. Avoid direct sunlight to preserve color and embroidery. Perfect for: festive celebrations, wedding guest. Shipping: Free worldwide shipping on orders over $200. Delivery within 7-12 business days to USA, UK, and Canada.	https://luxemia.shop/product/green-silk-eid-anarkali-suit	https://kesimg.b-cdn.net/images/650/2026y/January/59797/Green-Silk-Eid-Wear-Embroidery-Work-Readymade-Anarkali-Suit-5554-681-A(1).jpg	in_stock	94 USD	73 USD	new	LuxeMia	Apparel & Accessories > Clothing > Dresses	Suits > Anarkali Suits	female	adult	Green	Silk	Embroidery	US	no	Anarkali Suits	US:Standard:0.00 USD
suit-003	Dusty Rose Silk Party Anarkali Suit	Float through celebrations in this ethereal dusty rose silk Anarkali suit that embodies romantic elegance. Fabric Details: Luxurious silk fabric with natural sheen and rich texture. Comfortable for extended wear. Work & Craftsmanship: Sequins technique executed by skilled artisans. Color: Dusty Rose. Includes: Anarkali Kurta (top), Bottom (churidar/palazzo/sharara as per style), and Dupatta. Sizing: Available in sizes S, M, L, XL, XXL. Free Size (up to 42 inches) also available. Custom tailoring available on request. Fit: Flattering fit-and-flare silhouette suitable for all body types. Care Instructions: Dry clean only. Store in a cool, dry place. Avoid direct sunlight to preserve color and embroidery. Perfect for: festive celebrations, wedding guest. Shipping: Free worldwide shipping on orders over $200. Delivery within 7-12 business days to USA, UK, and Canada.	https://luxemia.shop/product/dusty-rose-silk-party-anarkali	https://kesimg.b-cdn.net/images/650/2026y/January/59793/Dusty-Rose-Silk-Party-Wear-Sequins-Work--Readymade-Anarkali-Suit-5964(1).jpg	in_stock	81 USD	63 USD	new	LuxeMia	Apparel & Accessories > Clothing > Dresses	Suits > Anarkali Suits	female	adult	Dusty Rose	Silk	Sequins	US	no	Anarkali Suits	US:Standard:0.00 USD
chinnon-teal-001	Teal Green Chinnon Silk Sharara Set	Embrace regal elegance with this stunning teal green Chinnon Silk sharara set featuring exquisite floral embroidery work. Fabric Details: Premium Chinnon Silk fabric with quality craftsmanship. Work & Craftsmanship: Embroidery technique executed by skilled artisans. Color: Teal Green. Includes: Kurta (top), Sharara Pants (flared), and Dupatta. Sizing: Available in sizes S, M, L, XL, XXL. Free Size (up to 42 inches) also available. Custom tailoring available on request. Fit: Flattering fit-and-flare silhouette suitable for all body types. Care Instructions: Dry clean only. Store in a cool, dry place. Avoid direct sunlight to preserve color and embroidery. Perfect for: sangeet, mehndi ceremonies. Shipping: Free worldwide shipping on orders over $200. Delivery within 7-12 business days to USA, UK, and Canada.	https://luxemia.shop/product/teal-green-chinnon-silk-sharara-set	https://kesimg.b-cdn.net/images/650/2025y/December/59774/Red-Chanderi-Cotton-Casual-Wear-Border-Work-Readymade-Anarkali-Suit-DN-539-B(1).jpg	in_stock	150 USD	105 USD	new	LuxeMia	Apparel & Accessories > Clothing > Dresses	Suits > Sharara Sets	female	adult	Teal Green	Chinnon Silk	Embroidery	US	no	Sharara Suits	US:Standard:0.00 USD
chinnon-rust-001	Rust Orange Chinnon Silk Sharara Set	Radiate warmth and sophistication in this beautiful rust orange Chinnon Silk sharara set. Fabric Details: Premium Chinnon Silk fabric with quality craftsmanship. Work & Craftsmanship: Embroidery technique executed by skilled artisans. Color: Rust Orange. Includes: Kurta (top), Sharara Pants (flared), and Dupatta. Sizing: Available in sizes S, M, L, XL, XXL. Free Size (up to 42 inches) also available. Custom tailoring available on request. Fit: Flattering fit-and-flare silhouette suitable for all body types. Care Instructions: Dry clean only. Store in a cool, dry place. Avoid direct sunlight to preserve color and embroidery. Perfect for: sangeet, mehndi ceremonies. Shipping: Free worldwide shipping on orders over $200. Delivery within 7-12 business days to USA, UK, and Canada.	https://luxemia.shop/product/rust-orange-chinnon-silk-sharara-set	https://kesimg.b-cdn.net/images/650/2025y/December/59774/Champagne-Beige-Chanderi-Cotton-Casual-Wear-Border-Work-Readymade-Anarkali-Suit-DN-539-A(1).jpg	in_stock	150 USD	105 USD	new	LuxeMia	Apparel & Accessories > Clothing > Dresses	Suits > Sharara Sets	female	adult	Rust Orange	Chinnon Silk	Embroidery	US	no	Sharara Suits	US:Standard:0.00 USD
chinnon-black-001	Black Chinnon Silk Sharara Set	Make a dramatic statement with this stunning black Chinnon Silk sharara set featuring intricate rose gold embroidery. Fabric Details: Premium Chinnon Silk fabric with quality craftsmanship. Work & Craftsmanship: Embroidery technique executed by skilled artisans. Color: Black. Includes: Kurta (top), Sharara Pants (flared), and Dupatta. Sizing: Available in sizes S, M, L, XL, XXL. Free Size (up to 42 inches) also available. Custom tailoring available on request. Fit: Flattering fit-and-flare silhouette suitable for all body types. Care Instructions: Dry clean only. Store in a cool, dry place. Avoid direct sunlight to preserve color and embroidery. Perfect for: sangeet, mehndi ceremonies. Shipping: Free worldwide shipping on orders over $200. Delivery within 7-12 business days to USA, UK, and Canada.	https://luxemia.shop/product/black-chinnon-silk-sharara-set	https://kesimg.b-cdn.net/images/650/2025y/December/59743/Peach-Fendy-Silk-Casual-Wear-Sequins-Work-Readymade-Anarkali-Suit-Anshika-Vol-2-5519-6101-D(1).jpg	in_stock	150 USD	105 USD	new	LuxeMia	Apparel & Accessories > Clothing > Dresses	Suits > Sharara Sets	female	adult	Black	Chinnon Silk	Embroidery	US	no	Sharara Suits	US:Standard:0.00 USD