Handle,Title,Body (HTML),Vendor,Product Category,Type,Tags,Published,Option1 Name,Option1 Value,Option2 Name,Option2 Value,Option3 Name,Option3 Value,Variant SKU,Variant Grams,Variant Inventory Tracker,Variant Inventory Qty,Variant Inventory Policy,Variant Fulfillment Service,Variant Price,Variant Compare At Price,Variant Requires Shipping,Variant Taxable,Variant Barcode,Image Src,Image Position,Image Alt Text,Gift Card,SEO Title,SEO Description,Variant Image,Variant Weight Unit,Variant Tax Code,Cost,Included / International,Price / International,Compare At Price / International,Status
net-cream-eid-wear-embroidery-work-readymade-plazzo-suit,Net Cream Eid Wear Embroidery Work Readymade Palazzo Suit,,LuxeMia,,Pakistani Readymade Suit,"eid-wear, embroidery-work, ethnic-suit, free-shipping, indian-ethnic-wear, indian-suit, luxemia, net, pakistani-suit, readymade-suit",TRUE,Size,38,Color,Cream,,,LXM-390945-38,,shopify,10,deny,manual,51.11,,TRUE,TRUE,,,,,FALSE,Net Cream Eid Wear Embroidery Work Readymade Palazzo Suit,Shop this Net Pakistani suit for eid wear. Free shipping worldwide. Shop Indian ethnic wear at LuxeMia.Shop.,,kg,,,,,,active
net-cream-eid-wear-embroidery-work-readymade-plazzo-suit,,,,,,,,,40,,Cream,,,LXM-390945-40,,shopify,10,deny,manual,51.11,,TRUE,TRUE,,,,,,,,,kg,,,,,,
net-cream-eid-wear-embroidery-work-readymade-plazzo-suit,,,,,,,,,42,,Cream,,,LXM-390945-42,,shopify,10,deny,manual,51.11,,TRUE,TRUE,,,,,,,,,kg,,,,,,
net-cream-eid-wear-embroidery-work-readymade-plazzo-suit,,,,,,,,,44,,Cream,,,LXM-390945-44,,shopify,10,deny,manual,51.11,,TRUE,TRUE,,,,,,,,,kg,,,,,,
net-cream-eid-wear-embroidery-work-readymade-plazzo-suit,,,,,,,,,46,,Cream,,,LXM-390945-46,,shopify,10,deny,manual,51.11,,TRUE,TRUE,,,,,,,,,kg,,,,,,
chinon-teal-blue-wedding-wear-sequins-work-readymade-plazzo-suit,Chinon Teal Blue Wedding Wear Sequins Work Readymade Palazzo Suit,,LuxeMia,,Wedding Suit,"bridal-suit, chinon, ethnic-suit, free-shipping, indian-ethnic-wear, indian-suit, luxemia, sequins-work, teal-blue, wedding-suit, wedding-wear",TRUE,Size,40,Color,Teal blue,,,LXM-390291-40,,shopify,10,deny,manual,95.12,,TRUE,TRUE,,,,,FALSE,Chinon Teal Blue Wedding Wear Sequins Work Readymade Pala...,Shop this Teal Blue Chinon wedding suit for wedding wear. Free shipping worldwide. Shop Indian ethnic wear at LuxeMia.Shop.,,kg,,,,,,active
chinon-teal-blue-wedding-wear-sequins-work-readymade-plazzo-suit,,,,,,,,,42,,Teal blue,,,LXM-390291-42,,shopify,10,deny,manual,95.12,,TRUE,TRUE,,,,,,,,,kg,,,,,,
chinon-yellow-wedding-wear-sequins-work-readymade-plazzo-suit,Chinon Yellow Wedding Wear Sequins Work Readymade Palazzo Suit,,LuxeMia,,Wedding Suit,"bridal-suit, chinon, ethnic-suit, free-shipping, indian-ethnic-wear, indian-suit, luxemia, sequins-work, wedding-suit, wedding-wear, yellow",TRUE,Size,40,Color,Yellow,,,LXM-390290-40,,shopify,10,deny,manual,95.12,,TRUE,TRUE,,,,,FALSE,Chinon Yellow Wedding Wear Sequins Work Readymade Palazzo...,Shop this Yellow Chinon wedding suit for wedding wear. Free shipping worldwide. Shop Indian ethnic wear at LuxeMia.Shop.,,kg,,,,,,active
chinon-yellow-wedding-wear-sequins-work-readymade-plazzo-suit,,,,,,,,,42,,Yellow,,,LXM-390290-42,,shopify,10,deny,manual,95.12,,TRUE,TRUE,,,,,,,,,kg,,,,,,
georgette-mint-green-wedding-wear-hand-work-readymade-plazzo-suit,Georgette Mint Green Wedding Wear Hand Work Readymade Palazzo Suit,,LuxeMia,,Wedding Suit,"bridal-suit, ethnic-suit, free-shipping, georgette, hand-work, indian-ethnic-wear, indian-suit, luxemia, mint-green, wedding-suit, wedding-wear",TRUE,Size,40,Color,Mint green,,,LXM-390139-40,,shopify,10,deny,manual,118.47,,TRUE,TRUE,,,,,FALSE,Georgette Mint Green Wedding Wear Hand Work Readymade Pal...,Shop this Mint Green Georgette wedding suit for wedding wear. Free shipping worldwide. Shop Indian ethnic wear at LuxeMia.Shop.,,kg,,,,,,active
georgette-mint-green-wedding-wear-hand-work-readymade-plazzo-suit,,,,,,,,,42,,Mint green,,,LXM-390139-42,,shopify,10,deny,manual,118.47,,TRUE,TRUE,,,,,,,,,kg,,,,,,
georgette-beige-wedding-wear-hand-work-readymade-plazzo-suit,Georgette Beige Wedding Wear Hand Work Readymade Palazzo Suit,,LuxeMia,,Wedding Suit,"beige, bridal-suit, ethnic-suit, free-shipping, georgette, hand-work, indian-ethnic-wear, indian-suit, luxemia, wedding-suit, wedding-wear",TRUE,Size,40,Color,Beige,,,LXM-390138-40,,shopify,10,deny,manual,118.47,,TRUE,TRUE,,,,,FALSE,Georgette Beige Wedding Wear Hand Work Readymade Palazzo ...,Shop this Beige Georgette wedding suit for wedding wear. Free shipping worldwide. Shop Indian ethnic wear at LuxeMia.Shop.,,kg,,,,,,active
georgette-beige-wedding-wear-hand-work-readymade-plazzo-suit,,,,,,,,,42,,Beige,,,LXM-390138-42,,shopify,10,deny,manual,118.47,,TRUE,TRUE,,,,,,,,,kg,,,,,,
georgette-peach-wedding-wear-hand-work-readymade-plazzo-suit,Georgette Peach Wedding Wear Hand Work Readymade Palazzo Suit,,LuxeMia,,Wedding Suit,"bridal-suit, ethnic-suit, free-shipping, georgette, hand-work, indian-ethnic-wear, indian-suit, luxemia, peach, wedding-suit, wedding-wear",TRUE,Size,40,Color,Peach,,,LXM-390137-40,,shopify,10,deny,manual,118.47,,TRUE,TRUE,,,,,FALSE,Georgette Peach Wedding Wear Hand Work Readymade Palazzo ...,Shop this Peach Georgette wedding suit for wedding wear. Free shipping worldwide. Shop Indian ethnic wear at LuxeMia.Shop.,,kg,,,,,,active
georgette-peach-wedding-wear-hand-work-readymade-plazzo-suit,,,,,,,,,42,,Peach,,,LXM-390137-42,,shopify,10,deny,manual,118.47,,TRUE,TRUE,,,,,,,,,kg,,,,,,
chinon-silk-violet-wedding-wear-sequins-work-readymade-plazzo-suit,Chinon Silk Violet Wedding Wear Sequins Work Readymade Palazzo Suit,,LuxeMia,,Wedding Suit,"bridal-suit, chinon-silk, ethnic-suit, free-shipping, indian-ethnic-wear, indian-suit, luxemia, sequins-work, violet, wedding-suit, wedding-wear",TRUE,Size,40,Color,Violet,,,LXM-390099-40,,shopify,10,deny,manual,82.54,,TRUE,TRUE,,,,,FALSE,Chinon Silk Violet Wedding Wear Sequins Work Readymade Pa...,Shop this Violet Chinon Silk wedding suit for wedding wear. Free shipping worldwide. Shop Indian ethnic wear at LuxeMia.Shop.,,kg,,,,,,active
chinon-silk-violet-wedding-wear-sequins-work-readymade-plazzo-suit,,,,,,,,,42,,Violet,,,LXM-390099-42,,shopify,10,deny,manual,82.54,,TRUE,TRUE,,,,,,,,,kg,,,,,,
chinon-silk-violet-wedding-wear-sequins-work-readymade-plazzo-suit,,,,,,,,,44,,Violet,,,LXM-390099-44,,shopify,10,deny,manual,82.54,,TRUE,TRUE,,,,,,,,,kg,,,,,,
chinon-silk-magenta-wedding-wear-sequins-work-readymade-plazzo-suit,Chinon Silk Magenta Wedding Wear Sequins Work Readymade Palazzo Suit,,LuxeMia,,Wedding Suit,"bridal-suit, chinon-silk, ethnic-suit, free-shipping, indian-ethnic-wear, indian-suit, luxemia, magenta, sequins-work, wedding-suit, wedding-wear",TRUE,Size,40,Color,Magenta,,,LXM-390098-40,,shopify,10,deny,manual,82.54,,TRUE,TRUE,,,,,FALSE,Chinon Silk Magenta Wedding Wear Sequins Work Readymade P...,Shop this Magenta Chinon Silk wedding suit for wedding wear. Free shipping worldwide. Shop Indian ethnic wear at LuxeMia.Shop.,,kg,,,,,,active
chinon-silk-magenta-wedding-wear-sequins-work-readymade-plazzo-suit,,,,,,,,,42,,Magenta,,,LXM-390098-42,,shopify,10,deny,manual,82.54,,TRUE,TRUE,,,,,,,,,kg,,,,,,
chinon-silk-magenta-wedding-wear-sequins-work-readymade-plazzo-suit,,,,,,,,,44,,Magenta,,,LXM-390098-44,,shopify,10,deny,manual,82.54,,TRUE,TRUE,,,,,,,,,kg,,,,,,
chinon-silk-olive-green-wedding-wear-sequins-work-readymade-plazzo-suit,Chinon Silk Olive Green Wedding Wear Sequins Work Readymade Palazzo Suit,,LuxeMia,,Wedding Suit,"bridal-suit, chinon-silk, ethnic-suit, free-shipping, indian-ethnic-wear, indian-suit, luxemia, olive-green, sequins-work, wedding-suit, wedding-wear",TRUE,Size,40,Color,Olive green,,,LXM-390097-40,,shopify,10,deny,manual,82.54,,TRUE,TRUE,,,,,FALSE,Chinon Silk Olive Green Wedding Wear Sequins Work Readyma...,Shop this Olive Green Chinon Silk wedding suit for wedding wear. Free shipping worldwide. Shop Indian ethnic wear at LuxeMia.Shop.,,kg,,,,,,active
chinon-silk-olive-green-wedding-wear-sequins-work-readymade-plazzo-suit,,,,,,,,,42,,Olive green,,,LXM-390097-42,,shopify,10,deny,manual,82.54,,TRUE,TRUE,,,,,,,,,kg,,,,,,
chinon-silk-olive-green-wedding-wear-sequins-work-readymade-plazzo-suit,,,,,,,,,44,,Olive green,,,LXM-390097-44,,shopify,10,deny,manual,82.54,,TRUE,TRUE,,,,,,,,,kg,,,,,,
chinon-silk-orange-wedding-wear-sequins-work-readymade-plazzo-suit,Chinon Silk Orange Wedding Wear Sequins Work Readymade Palazzo Suit,,LuxeMia,,Wedding Suit,"bridal-suit, chinon-silk, ethnic-suit, free-shipping, indian-ethnic-wear, indian-suit, luxemia, orange, sequins-work, wedding-suit, wedding-wear",TRUE,Size,40,Color,Orange,,,LXM-390096-40,,shopify,10,deny,manual,82.54,,TRUE,TRUE,,,,,FALSE,Chinon Silk Orange Wedding Wear Sequins Work Readymade Pa...,Shop this Orange Chinon Silk wedding suit for wedding wear. Free shipping worldwide. Shop Indian ethnic wear at LuxeMia.Shop.,,kg,,,,,,active
chinon-silk-orange-wedding-wear-sequins-work-readymade-plazzo-suit,,,,,,,,,42,,Orange,,,LXM-390096-42,,shopify,10,deny,manual,82.54,,TRUE,TRUE,,,,,,,,,kg,,,,,,
chinon-silk-orange-wedding-wear-sequins-work-readymade-plazzo-suit,,,,,,,,,44,,Orange,,,LXM-390096-44,,shopify,10,deny,manual,82.54,,TRUE,TRUE,,,,,,,,,kg,,,,,,
fendy-silk-grey-party-wear-embroidery-work-readymade-plazzo-suit,Fendy Silk Grey Party Wear Embroidery Work Readymade Palazzo Suit,,LuxeMia,,Wedding Suit,"bridal-suit, embroidery-work, ethnic-suit, fendy-silk, free-shipping, grey, indian-ethnic-wear, indian-suit, luxemia, party-wear, wedding-suit",TRUE,Size,40,Color,Grey,,,LXM-390024-40,,shopify,10,deny,manual,85.24,,TRUE,TRUE,,,,,FALSE,Fendy Silk Grey Party Wear Embroidery Work Readymade Pala...,Shop this Grey Fendy Silk wedding suit for party wear. Free shipping worldwide. Shop Indian ethnic wear at LuxeMia.Shop.,,kg,,,,,,active
fendy-silk-grey-party-wear-embroidery-work-readymade-plazzo-suit,,,,,,,,,42,,Grey,,,LXM-390024-42,,shopify,10,deny,manual,85.24,,TRUE,TRUE,,,,,,,,,kg,,,,,,
fendy-silk-grey-party-wear-embroidery-work-readymade-plazzo-suit,,,,,,,,,44,,Grey,,,LXM-390024-44,,shopify,10,deny,manual,85.24,,TRUE,TRUE,,,,,,,,,kg,,,,,,
georgette-blue-wedding-wear-embroidery-work-readymade-plazzo-suit,Georgette Blue Wedding Wear Embroidery Work Readymade Palazzo Suit,,LuxeMia,,Wedding Suit,"blue, bridal-suit, embroidery-work, ethnic-suit, free-shipping, georgette, indian-ethnic-wear, indian-suit, luxemia, wedding-suit, wedding-wear",TRUE,Size,40,Color,Blue,,,LXM-390022-40,,shopify,10,deny,manual,108.59,,TRUE,TRUE,,,,,FALSE,Georgette Blue Wedding Wear Embroidery Work Readymade Pal...,Shop this Blue Georgette wedding suit for wedding wear. Free shipping worldwide. Shop Indian ethnic wear at LuxeMia.Shop.,,kg,,,,,,active
georgette-blue-wedding-wear-embroidery-work-readymade-plazzo-suit,,,,,,,,,42,,Blue,,,LXM-390022-42,,shopify,10,deny,manual,108.59,,TRUE,TRUE,,,,,,,,,kg,,,,,,
georgette-lavender-wedding-wear-embroidery-work-readymade-plazzo-suit,Georgette Lavender Wedding Wear Embroidery Work Readymade Palazzo Suit,,LuxeMia,,Wedding Suit,"bridal-suit, embroidery-work, ethnic-suit, free-shipping, georgette, indian-ethnic-wear, indian-suit, lavender, luxemia, wedding-suit, wedding-wear",TRUE,Size,40,Color,Lavender,,,LXM-390021-40,,shopify,10,deny,manual,108.59,,TRUE,TRUE,,,,,FALSE,Georgette Lavender Wedding Wear Embroidery Work Readymade...,Shop this Lavender Georgette wedding suit for wedding wear. Free shipping worldwide. Shop Indian ethnic wear at LuxeMia.Shop.,,kg,,,,,,active
georgette-lavender-wedding-wear-embroidery-work-readymade-plazzo-suit,,,,,,,,,42,,Lavender,,,LXM-390021-42,,shopify,10,deny,manual,108.59,,TRUE,TRUE,,,,,,,,,kg,,,,,,
shimmer-silk-beige-occasional-wear-mirror-work-readymade-plazzo-suit,Shimmer Silk Beige Occasional Wear Mirror Work Readymade Palazzo Suit,,LuxeMia,,Wedding Suit,"beige, bridal-suit, ethnic-suit, free-shipping, indian-ethnic-wear, indian-suit, luxemia, mirror-work, occasional-wear, shimmer-silk, wedding-suit",TRUE,Size,40,Color,Beige,,,LXM-389855-40,,shopify,10,deny,manual,91.53,,TRUE,TRUE,,,,,FALSE,Shimmer Silk Beige Occasional Wear Mirror Work Readymade ...,Shop this Beige Shimmer Silk wedding suit for occasional wear. Free shipping worldwide. Shop Indian ethnic wear at LuxeMia.Shop.,,kg,,,,,,active
shimmer-silk-beige-occasional-wear-mirror-work-readymade-plazzo-suit,,,,,,,,,42,,Beige,,,LXM-389855-42,,shopify,10,deny,manual,91.53,,TRUE,TRUE,,,,,,,,,kg,,,,,,
shimmer-silk-beige-occasional-wear-mirror-work-readymade-plazzo-suit,,,,,,,,,44,,Beige,,,LXM-389855-44,,shopify,10,deny,manual,91.53,,TRUE,TRUE,,,,,,,,,kg,,,,,,
shimmer-silk-sky-blue-occasional-wear-mirror-work-readymade-plazzo-suit,Shimmer Silk Sky Blue Occasional Wear Mirror Work Readymade Palazzo Suit,,LuxeMia,,Wedding Suit,"bridal-suit, ethnic-suit, free-shipping, indian-ethnic-wear, indian-suit, luxemia, mirror-work, occasional-wear, shimmer-silk, sky-blue, wedding-suit",TRUE,Size,40,Color,Sky blue,,,LXM-389854-40,,shopify,10,deny,manual,91.53,,TRUE,TRUE,,,,,FALSE,Shimmer Silk Sky Blue Occasional Wear Mirror Work Readyma...,Shop this Sky Blue Shimmer Silk wedding suit for occasional wear. Free shipping worldwide. Shop Indian ethnic wear at LuxeMia.Shop.,,kg,,,,,,active
shimmer-silk-sky-blue-occasional-wear-mirror-work-readymade-plazzo-suit,,,,,,,,,42,,Sky blue,,,LXM-389854-42,,shopify,10,deny,manual,91.53,,TRUE,TRUE,,,,,,,,,kg,,,,,,
shimmer-silk-sky-blue-occasional-wear-mirror-work-readymade-plazzo-suit,,,,,,,,,44,,Sky blue,,,LXM-389854-44,,shopify,10,deny,manual,91.53,,TRUE,TRUE,,,,,,,,,kg,,,,,,
shimmer-silk-black-occasional-wear-mirror-work-readymade-plazzo-suit,Shimmer Silk Black Occasional Wear Mirror Work Readymade Palazzo Suit,,LuxeMia,,Wedding Suit,"black, bridal-suit, ethnic-suit, free-shipping, indian-ethnic-wear, indian-suit, luxemia, mirror-work, occasional-wear, shimmer-silk, wedding-suit",TRUE,Size,40,Color,Black,,,LXM-389853-40,,shopify,10,deny,manual,91.53,,TRUE,TRUE,,,,,FALSE,Shimmer Silk Black Occasional Wear Mirror Work Readymade ...,Shop this Black Shimmer Silk wedding suit for occasional wear. Free shipping worldwide. Shop Indian ethnic wear at LuxeMia.Shop.,,kg,,,,,,active
shimmer-silk-black-occasional-wear-mirror-work-readymade-plazzo-suit,,,,,,,,,42,,Black,,,LXM-389853-42,,shopify,10,deny,manual,91.53,,TRUE,TRUE,,,,,,,,,kg,,,,,,
shimmer-silk-black-occasional-wear-mirror-work-readymade-plazzo-suit,,,,,,,,,44,,Black,,,LXM-389853-44,,shopify,10,deny,manual,91.53,,TRUE,TRUE,,,,,,,,,kg,,,,,,
chinon-hot-pink-eid-wear-embroidery-work-readymade-plazzo-suit,Chinon Hot Pink Eid Wear Embroidery Work Readymade Palazzo Suit,,LuxeMia,,Wedding Suit,"bridal-suit, chinon, eid-wear, embroidery-work, ethnic-suit, free-shipping, hot-pink, indian-ethnic-wear, indian-suit, luxemia, wedding-suit",TRUE,Size,38,Color,Hot pink,,,LXM-389852-38,,shopify,10,deny,manual,85.24,,TRUE,TRUE,,,,,FALSE,Chinon Hot Pink Eid Wear Embroidery Work Readymade Palazz...,Shop this Hot Pink Chinon wedding suit for eid wear. Free shipping worldwide. Shop Indian ethnic wear at LuxeMia.Shop.,,kg,,,,,,active
chinon-hot-pink-eid-wear-embroidery-work-readymade-plazzo-suit,,,,,,,,,40,,Hot pink,,,LXM-389852-40,,shopify,10,deny,manual,85.24,,TRUE,TRUE,,,,,,,,,kg,,,,,,
chinon-hot-pink-eid-wear-embroidery-work-readymade-plazzo-suit,,,,,,,,,42,,Hot pink,,,LXM-389852-42,,shopify,10,deny,manual,85.24,,TRUE,TRUE,,,,,,,,,kg,,,,,,
chinon-hot-pink-eid-wear-embroidery-work-readymade-plazzo-suit,,,,,,,,,44,,Hot pink,,,LXM-389852-44,,shopify,10,deny,manual,85.24,,TRUE,TRUE,,,,,,,,,kg,,,,,,
chinon-lime-green-eid-wear-embroidery-work-readymade-plazzo-suit,Chinon Lime Green Eid Wear Embroidery Work Readymade Palazzo Suit,,LuxeMia,,Wedding Suit,"bridal-suit, chinon, eid-wear, embroidery-work, ethnic-suit, free-shipping, indian-ethnic-wear, indian-suit, lime-green, luxemia, wedding-suit",TRUE,Size,38,Color,Lime green,,,LXM-389851-38,,shopify,10,deny,manual,85.24,,TRUE,TRUE,,,,,FALSE,Chinon Lime Green Eid Wear Embroidery Work Readymade Pala...,Shop this Lime Green Chinon wedding suit for eid wear. Free shipping worldwide. Shop Indian ethnic wear at LuxeMia.Shop.,,kg,,,,,,active
chinon-lime-green-eid-wear-embroidery-work-readymade-plazzo-suit,,,,,,,,,40,,Lime green,,,LXM-389851-40,,shopify,10,deny,manual,85.24,,TRUE,TRUE,,,,,,,,,kg,,,,,,
chinon-lime-green-eid-wear-embroidery-work-readymade-plazzo-suit,,,,,,,,,42,,Lime green,,,LXM-389851-42,,shopify,10,deny,manual,85.24,,TRUE,TRUE,,,,,,,,,kg,,,,,,
chinon-lime-green-eid-wear-embroidery-work-readymade-plazzo-suit,,,,,,,,,44,,Lime green,,,LXM-389851-44,,shopify,10,deny,manual,85.24,,TRUE,TRUE,,,,,,,,,kg,,,,,,
georgette-lime-green-wedding-wear-beads-work-readymade-plazzo-suit,Georgette Lime Green Wedding Wear Beads Work Readymade Palazzo Suit,,LuxeMia,,Wedding Suit,"beads-work, bridal-suit, ethnic-suit, free-shipping, georgette, indian-ethnic-wear, indian-suit, lime-green, luxemia, wedding-suit, wedding-wear",TRUE,Size,40,Color,Lime green,,,LXM-389844-40,,shopify,10,deny,manual,135.54,,TRUE,TRUE,,,,,FALSE,Georgette Lime Green Wedding Wear Beads Work Readymade Pa...,Shop this Lime Green Georgette wedding suit for wedding wear. Free shipping worldwide. Shop Indian ethnic wear at LuxeMia.Shop.,,kg,,,,,,active
georgette-lime-green-wedding-wear-beads-work-readymade-plazzo-suit,,,,,,,,,42,,Lime green,,,LXM-389844-42,,shopify,10,deny,manual,135.54,,TRUE,TRUE,,,,,,,,,kg,,,,,,
georgette-off-white-wedding-wear-beads-work-readymade-plazzo-suit,Georgette Off White Wedding Wear Beads Work Readymade Palazzo Suit,,LuxeMia,,Wedding Suit,"beads-work, bridal-suit, ethnic-suit, free-shipping, georgette, indian-ethnic-wear, indian-suit, luxemia, off-white, wedding-suit, wedding-wear",TRUE,Size,40,Color,Off white,,,LXM-389843-40,,shopify,10,deny,manual,135.54,,TRUE,TRUE,,,,,FALSE,Georgette Off White Wedding Wear Beads Work Readymade Pal...,Shop this Off White Georgette wedding suit for wedding wear. Free shipping worldwide. Shop Indian ethnic wear at LuxeMia.Shop.,,kg,,,,,,active
georgette-off-white-wedding-wear-beads-work-readymade-plazzo-suit,,,,,,,,,42,,Off white,,,LXM-389843-42,,shopify,10,deny,manual,135.54,,TRUE,TRUE,,,,,,,,,kg,,,,,,
georgette-cherry-wedding-wear-beads-work-readymade-plazzo-suit,Georgette Cherry Wedding Wear Beads Work Readymade Palazzo Suit,,LuxeMia,,Wedding Suit,"beads-work, bridal-suit, ethnic-suit, free-shipping, georgette, indian-ethnic-wear, indian-suit, luxemia, wedding-suit, wedding-wear",TRUE,Size,40,Color,Cherry,,,LXM-389842-40,,shopify,10,deny,manual,135.54,,TRUE,TRUE,,,,,FALSE,Georgette Cherry Wedding Wear Beads Work Readymade Palazz...,Shop this Georgette wedding suit for wedding wear. Free shipping worldwide. Shop Indian ethnic wear at LuxeMia.Shop.,,kg,,,,,,active
georgette-cherry-wedding-wear-beads-work-readymade-plazzo-suit,,,,,,,,,42,,Cherry,,,LXM-389842-42,,shopify,10,deny,manual,135.54,,TRUE,TRUE,,,,,,,,,kg,,,,,,
georgette-black-wedding-wear-embroidery-work-readywar-plazzo-suit,Georgette Black Wedding Wear Embroidery Work Readymade Palazzo Suit,,LuxeMia,,Wedding Suit,"black, bridal-suit, embroidery-work, ethnic-suit, free-shipping, georgette, indian-ethnic-wear, indian-suit, luxemia, wedding-suit, wedding-wear",TRUE,Size,36,Color,Black,,,LXM-389748-36,,shopify,10,deny,manual,119.37,,TRUE,TRUE,,,,,FALSE,Georgette Black Wedding Wear Embroidery Work Readymade Pa...,Shop this Black Georgette wedding suit for wedding wear. Free shipping worldwide. Shop Indian ethnic wear at LuxeMia.Shop.,,kg,,,,,,active
georgette-black-wedding-wear-embroidery-work-readywar-plazzo-suit,,,,,,,,,38,,Black,,,LXM-389748-38,,shopify,10,deny,manual,119.37,,TRUE,TRUE,,,,,,,,,kg,,,,,,
georgette-black-wedding-wear-embroidery-work-readywar-plazzo-suit,,,,,,,,,40,,Black,,,LXM-389748-40,,shopify,10,deny,manual,119.37,,TRUE,TRUE,,,,,,,,,kg,,,,,,
georgette-black-wedding-wear-embroidery-work-readywar-plazzo-suit,,,,,,,,,42,,Black,,,LXM-389748-42,,shopify,10,deny,manual,119.37,,TRUE,TRUE,,,,,,,,,kg,,,,,,
georgette-black-wedding-wear-embroidery-work-readywar-plazzo-suit,,,,,,,,,44,,Black,,,LXM-389748-44,,shopify,10,deny,manual,119.37,,TRUE,TRUE,,,,,,,,,kg,,,,,,
georgette-purple-wedding-wear-embroidery-work-readywar-plazzo-suit,Georgette Purple Wedding Wear Embroidery Work Readymade Palazzo Suit,,LuxeMia,,Wedding Suit,"bridal-suit, embroidery-work, ethnic-suit, free-shipping, georgette, indian-ethnic-wear, indian-suit, luxemia, purple, wedding-suit, wedding-wear",TRUE,Size,36,Color,Purple,,,LXM-389747-36,,shopify,10,deny,manual,119.37,,TRUE,TRUE,,,,,FALSE,Georgette Purple Wedding Wear Embroidery Work Readymade P...,Shop this Purple Georgette wedding suit for wedding wear. Free shipping worldwide. Shop Indian ethnic wear at LuxeMia.Shop.,,kg,,,,,,active
georgette-purple-wedding-wear-embroidery-work-readywar-plazzo-suit,,,,,,,,,38,,Purple,,,LXM-389747-38,,shopify,10,deny,manual,119.37,,TRUE,TRUE,,,,,,,,,kg,,,,,,
georgette-purple-wedding-wear-embroidery-work-readywar-plazzo-suit,,,,,,,,,40,,Purple,,,LXM-389747-40,,shopify,10,deny,manual,119.37,,TRUE,TRUE,,,,,,,,,kg,,,,,,
georgette-purple-wedding-wear-embroidery-work-readywar-plazzo-suit,,,,,,,,,42,,Purple,,,LXM-389747-42,,shopify,10,deny,manual,119.37,,TRUE,TRUE,,,,,,,,,kg,,,,,,
georgette-purple-wedding-wear-embroidery-work-readywar-plazzo-suit,,,,,,,,,44,,Purple,,,LXM-389747-44,,shopify,10,deny,manual,119.37,,TRUE,TRUE,,,,,,,,,kg,,,,,,
crepe-silk-multi-color-party-wear-embroidery-work-readymade-plazzo-suit,Crepe Silk Multi Color Party Wear Embroidery Work Readymade Palazzo Suit,,LuxeMia,,Salwar Kameez,"crepe-silk, embroidery-work, ethnic-suit, free-shipping, indian-ethnic-wear, indian-suit, luxemia, multi-color, palazzo-suit, party-wear, salwar-kameez, salwar-suit",TRUE,Color,Multi Color,Size,Free Size,,,,,shopify,10,deny,manual,93.99,134.41,TRUE,TRUE,,,,,FALSE,Crepe Silk Multi Color Party Wear Embroidery Work Readyma...,Shop this Multi Color Crepe Silk salwar kameez for party wear. Free shipping worldwide. Shop Indian ethnic wear at LuxeMia.Shop.,,kg,,,,,,active
crepe-silk-multi-color-party-wear-embroidery-work-readymade-plazzo-suit,,,,,,,,,Multi Color,,XS,,,,,shopify,5,deny,manual,93.99,134.41,TRUE,TRUE,,,,,,,,,kg,,,,,,
crepe-silk-multi-color-party-wear-embroidery-work-readymade-plazzo-suit,,,,,,,,,Multi Color,,S,,,,,shopify,5,deny,manual,93.99,134.41,TRUE,TRUE,,,,,,,,,kg,,,,,,
crepe-silk-multi-color-party-wear-embroidery-work-readymade-plazzo-suit,,,,,,,,,Multi Color,,M,,,,,shopify,5,deny,manual,93.99,134.41,TRUE,TRUE,,,,,,,,,kg,,,,,,
crepe-silk-multi-color-party-wear-embroidery-work-readymade-plazzo-suit,,,,,,,,,Multi Color,,L,,,,,shopify,5,deny,manual,93.99,134.41,TRUE,TRUE,,,,,,,,,kg,,,,,,
crepe-silk-multi-color-party-wear-embroidery-work-readymade-plazzo-suit,,,,,,,,,Multi Color,,XL,,,,,shopify,5,deny,manual,93.99,134.41,TRUE,TRUE,,,,,,,,,kg,,,,,,
crepe-silk-multi-color-party-wear-embroidery-work-readymade-plazzo-suit,,,,,,,,,Multi Color,,XXL,,,,,shopify,5,deny,manual,93.99,134.41,TRUE,TRUE,,,,,,,,,kg,,,,,,
crepe-silk-multi-color-party-wear-embroidery-work-readymade-plazzo-suit-2,Crepe Silk Multi Color Party Wear Embroidery Work Readymade Palazzo Suit,,LuxeMia,,Salwar Kameez,"crepe-silk, embroidery-work, ethnic-suit, free-shipping, indian-ethnic-wear, indian-suit, luxemia, multi-color, palazzo-suit, party-wear, salwar-kameez, salwar-suit",TRUE,Color,Multi Color,Size,Free Size,,,,,shopify,10,deny,manual,93.99,134.41,TRUE,TRUE,,,,,FALSE,Crepe Silk Multi Color Party Wear Embroidery Work Readyma...,Shop this Multi Color Crepe Silk salwar kameez for party wear. Free shipping worldwide. Shop Indian ethnic wear at LuxeMia.Shop.,,kg,,,,,,active
crepe-silk-multi-color-party-wear-embroidery-work-readymade-plazzo-suit-2,,,,,,,,,Multi Color,,XS,,,,,shopify,5,deny,manual,93.99,134.41,TRUE,TRUE,,,,,,,,,kg,,,,,,
crepe-silk-multi-color-party-wear-embroidery-work-readymade-plazzo-suit-2,,,,,,,,,Multi Color,,S,,,,,shopify,5,deny,manual,93.99,134.41,TRUE,TRUE,,,,,,,,,kg,,,,,,
crepe-silk-multi-color-party-wear-embroidery-work-readymade-plazzo-suit-2,,,,,,,,,Multi Color,,M,,,,,shopify,5,deny,manual,93.99,134.41,TRUE,TRUE,,,,,,,,,kg,,,,,,
crepe-silk-multi-color-party-wear-embroidery-work-readymade-plazzo-suit-2,,,,,,,,,Multi Color,,L,,,,,shopify,5,deny,manual,93.99,134.41,TRUE,TRUE,,,,,,,,,kg,,,,,,
crepe-silk-multi-color-party-wear-embroidery-work-readymade-plazzo-suit-2,,,,,,,,,Multi Color,,XL,,,,,shopify,5,deny,manual,93.99,134.41,TRUE,TRUE,,,,,,,,,kg,,,,,,
crepe-silk-multi-color-party-wear-embroidery-work-readymade-plazzo-suit-2,,,,,,,,,Multi Color,,XXL,,,,,shopify,5,deny,manual,93.99,134.41,TRUE,TRUE,,,,,,,,,kg,,,,,,
crepe-silk-multi-color-party-wear-embroidery-work-readymade-plazzo-suit-3,Crepe Silk Multi Color Party Wear Embroidery Work Readymade Palazzo Suit,,LuxeMia,,Salwar Kameez,"crepe-silk, embroidery-work, ethnic-suit, free-shipping, indian-ethnic-wear, indian-suit, luxemia, multi-color, palazzo-suit, party-wear, salwar-kameez, salwar-suit",TRUE,Color,Multi Color,Size,Free Size,,,,,shopify,10,deny,manual,93.99,134.41,TRUE,TRUE,,,,,FALSE,Crepe Silk Multi Color Party Wear Embroidery Work Readyma...,Shop this Multi Color Crepe Silk salwar kameez for party wear. Free shipping worldwide. Shop Indian ethnic wear at LuxeMia.Shop.,,kg,,,,,,active
crepe-silk-multi-color-party-wear-embroidery-work-readymade-plazzo-suit-3,,,,,,,,,Multi Color,,XS,,,,,shopify,5,deny,manual,93.99,134.41,TRUE,TRUE,,,,,,,,,kg,,,,,,
crepe-silk-multi-color-party-wear-embroidery-work-readymade-plazzo-suit-3,,,,,,,,,Multi Color,,S,,,,,shopify,5,deny,manual,93.99,134.41,TRUE,TRUE,,,,,,,,,kg,,,,,,
crepe-silk-multi-color-party-wear-embroidery-work-readymade-plazzo-suit-3,,,,,,,,,Multi Color,,M,,,,,shopify,5,deny,manual,93.99,134.41,TRUE,TRUE,,,,,,,,,kg,,,,,,
crepe-silk-multi-color-party-wear-embroidery-work-readymade-plazzo-suit-3,,,,,,,,,Multi Color,,L,,,,,shopify,5,deny,manual,93.99,134.41,TRUE,TRUE,,,,,,,,,kg,,,,,,
crepe-silk-multi-color-party-wear-embroidery-work-readymade-plazzo-suit-3,,,,,,,,,Multi Color,,XL,,,,,shopify,5,deny,manual,93.99,134.41,TRUE,TRUE,,,,,,,,,kg,,,,,,
crepe-silk-multi-color-party-wear-embroidery-work-readymade-plazzo-suit-3,,,,,,,,,Multi Color,,XXL,,,,,shopify,5,deny,manual,93.99,134.41,TRUE,TRUE,,,,,,,,,kg,,,,,,
chinon-silk-wine-party-wear-embroidery-work-readymade-plazzo-suit,Chinon Silk Wine Party Wear Embroidery Work Readymade Palazzo Suit,,LuxeMia,,Salwar Kameez,"chinon-silk, embroidery-work, ethnic-suit, free-shipping, indian-ethnic-wear, indian-suit, luxemia, palazzo-suit, party-wear, salwar-kameez, salwar-suit, wine",TRUE,Color,Wine,Size,Free Size,,,,,shopify,10,deny,manual,97.99,140.13,TRUE,TRUE,,,,,FALSE,Chinon Silk Wine Party Wear Embroidery Work Readymade Pal...,Shop this Wine Chinon Silk salwar kameez for party wear. Free shipping worldwide. Shop Indian ethnic wear at LuxeMia.Shop.,,kg,,,,,,active
chinon-silk-wine-party-wear-embroidery-work-readymade-plazzo-suit,,,,,,,,,Wine,,XS,,,,,shopify,5,deny,manual,97.99,140.13,TRUE,TRUE,,,,,,,,,kg,,,,,,
chinon-silk-wine-party-wear-embroidery-work-readymade-plazzo-suit,,,,,,,,,Wine,,S,,,,,shopify,5,deny,manual,97.99,140.13,TRUE,TRUE,,,,,,,,,kg,,,,,,
chinon-silk-wine-party-wear-embroidery-work-readymade-plazzo-suit,,,,,,,,,Wine,,M,,,,,shopify,5,deny,manual,97.99,140.13,TRUE,TRUE,,,,,,,,,kg,,,,,,
chinon-silk-wine-party-wear-embroidery-work-readymade-plazzo-suit,,,,,,,,,Wine,,L,,,,,shopify,5,deny,manual,97.99,140.13,TRUE,TRUE,,,,,,,,,kg,,,,,,
chinon-silk-wine-party-wear-embroidery-work-readymade-plazzo-suit,,,,,,,,,Wine,,XL,,,,,shopify,5,deny,manual,97.99,140.13,TRUE,TRUE,,,,,,,,,kg,,,,,,
chinon-silk-wine-party-wear-embroidery-work-readymade-plazzo-suit,,,,,,,,,Wine,,XXL,,,,,shopify,5,deny,manual,97.99,140.13,TRUE,TRUE,,,,,,,,,kg,,,,,,
chinon-silk-lime-yellow-party-wear-embroidery-work-readymade-plazzo-suit,Chinon Silk Lime Yellow Party Wear Embroidery Work Readymade Palazzo Suit,,LuxeMia,,Salwar Kameez,"chinon-silk, embroidery-work, ethnic-suit, free-shipping, indian-ethnic-wear, indian-suit, lime-yellow, luxemia, palazzo-suit, party-wear, salwar-kameez, salwar-suit",TRUE,Color,Yellow,Size,Free Size,,,,,shopify,10,deny,manual,97.99,140.13,TRUE,TRUE,,,,,FALSE,Chinon Silk Lime Yellow Party Wear Embroidery Work Readym...,Shop this Lime Yellow Chinon Silk salwar kameez for party wear. Free shipping worldwide. Shop Indian ethnic wear at LuxeMia.Shop.,,kg,,,,,,active
chinon-silk-lime-yellow-party-wear-embroidery-work-readymade-plazzo-suit,,,,,,,,,Yellow,,XS,,,,,shopify,5,deny,manual,97.99,140.13,TRUE,TRUE,,,,,,,,,kg,,,,,,
chinon-silk-lime-yellow-party-wear-embroidery-work-readymade-plazzo-suit,,,,,,,,,Yellow,,S,,,,,shopify,5,deny,manual,97.99,140.13,TRUE,TRUE,,,,,,,,,kg,,,,,,
chinon-silk-lime-yellow-party-wear-embroidery-work-readymade-plazzo-suit,,,,,,,,,Yellow,,M,,,,,shopify,5,deny,manual,97.99,140.13,TRUE,TRUE,,,,,,,,,kg,,,,,,
chinon-silk-lime-yellow-party-wear-embroidery-work-readymade-plazzo-suit,,,,,,,,,Yellow,,L,,,,,shopify,5,deny,manual,97.99,140.13,TRUE,TRUE,,,,,,,,,kg,,,,,,
chinon-silk-lime-yellow-party-wear-embroidery-work-readymade-plazzo-suit,,,,,,,,,Yellow,,XL,,,,,shopify,5,deny,manual,97.99,140.13,TRUE,TRUE,,,,,,,,,kg,,,,,,
chinon-silk-lime-yellow-party-wear-embroidery-work-readymade-plazzo-suit,,,,,,,,,Yellow,,XXL,,,,,shopify,5,deny,manual,97.99,140.13,TRUE,TRUE,,,,,,,,,kg,,,,,,
chinon-silk-rani-pink-party-wear-embroidery-work-readymade-plazzo-suit,Chinon Silk Rani Pink Party Wear Embroidery Work Readymade Palazzo Suit,,LuxeMia,,Salwar Kameez,"chinon-silk, embroidery-work, ethnic-suit, free-shipping, indian-ethnic-wear, indian-suit, luxemia, palazzo-suit, party-wear, rani-pink, salwar-kameez, salwar-suit",TRUE,Color,Rani,Size,Free Size,,,,,shopify,10,deny,manual,97.99,140.13,TRUE,TRUE,,,,,FALSE,Chinon Silk Rani Pink Party Wear Embroidery Work Readymad...,Shop this Rani Pink Chinon Silk salwar kameez for party wear. Free shipping worldwide. Shop Indian ethnic wear at LuxeMia.Shop.,,kg,,,,,,active
chinon-silk-rani-pink-party-wear-embroidery-work-readymade-plazzo-suit,,,,,,,,,Rani,,XS,,,,,shopify,5,deny,manual,97.99,140.13,TRUE,TRUE,,,,,,,,,kg,,,,,,
chinon-silk-rani-pink-party-wear-embroidery-work-readymade-plazzo-suit,,,,,,,,,Rani,,S,,,,,shopify,5,deny,manual,97.99,140.13,TRUE,TRUE,,,,,,,,,kg,,,,,,
chinon-silk-rani-pink-party-wear-embroidery-work-readymade-plazzo-suit,,,,,,,,,Rani,,M,,,,,shopify,5,deny,manual,97.99,140.13,TRUE,TRUE,,,,,,,,,kg,,,,,,
chinon-silk-rani-pink-party-wear-embroidery-work-readymade-plazzo-suit,,,,,,,,,Rani,,L,,,,,shopify,5,deny,manual,97.99,140.13,TRUE,TRUE,,,,,,,,,kg,,,,,,
chinon-silk-rani-pink-party-wear-embroidery-work-readymade-plazzo-suit,,,,,,,,,Rani,,XL,,,,,shopify,5,deny,manual,97.99,140.13,TRUE,TRUE,,,,,,,,,kg,,,,,,
chinon-silk-rani-pink-party-wear-embroidery-work-readymade-plazzo-suit,,,,,,,,,Rani,,XXL,,,,,shopify,5,deny,manual,97.99,140.13,TRUE,TRUE,,,,,,,,,kg,,,,,,
shimmer-silk-light-green-festival-wear-embroidery-work-readymade-plazzo-suit,Shimmer Silk Light Green Festival Wear Embroidery Work Readymade Palazzo Suit,,LuxeMia,,Salwar Kameez,"embroidery-work, ethnic-suit, festival-wear, free-shipping, indian-ethnic-wear, indian-suit, light-green, luxemia, palazzo-suit, salwar-kameez, salwar-suit, shimmer-silk",TRUE,Color,Light Green,Size,Free Size,,,,,shopify,10,deny,manual,122.99,175.88,TRUE,TRUE,,,,,FALSE,Shimmer Silk Light Green Festival Wear Embroidery Work Re...,Shop this Light Green Shimmer Silk salwar kameez for festival wear. Free shipping worldwide. Shop Indian ethnic wear at LuxeMia.Shop.,,kg,,,,,,active
shimmer-silk-light-green-festival-wear-embroidery-work-readymade-plazzo-suit,,,,,,,,,Light Green,,XS,,,,,shopify,5,deny,manual,122.99,175.88,TRUE,TRUE,,,,,,,,,kg,,,,,,
shimmer-silk-light-green-festival-wear-embroidery-work-readymade-plazzo-suit,,,,,,,,,Light Green,,S,,,,,shopify,5,deny,manual,122.99,175.88,TRUE,TRUE,,,,,,,,,kg,,,,,,
shimmer-silk-light-green-festival-wear-embroidery-work-readymade-plazzo-suit,,,,,,,,,Light Green,,M,,,,,shopify,5,deny,manual,122.99,175.88,TRUE,TRUE,,,,,,,,,kg,,,,,,
shimmer-silk-light-green-festival-wear-embroidery-work-readymade-plazzo-suit,,,,,,,,,Light Green,,L,,,,,shopify,5,deny,manual,122.99,175.88,TRUE,TRUE,,,,,,,,,kg,,,,,,
shimmer-silk-light-green-festival-wear-embroidery-work-readymade-plazzo-suit,,,,,,,,,Light Green,,XL,,,,,shopify,5,deny,manual,122.99,175.88,TRUE,TRUE,,,,,,,,,kg,,,,,,
shimmer-silk-light-green-festival-wear-embroidery-work-readymade-plazzo-suit,,,,,,,,,Light Green,,XXL,,,,,shopify,5,deny,manual,122.99,175.88,TRUE,TRUE,,,,,,,,,kg,,,,,,
shimmer-silk-pink-festival-wear-embroidery-work-readymade-plazzo-suit,Shimmer Silk Pink Festival Wear Embroidery Work Readymade Palazzo Suit,,LuxeMia,,Salwar Kameez,"embroidery-work, ethnic-suit, festival-wear, free-shipping, indian-ethnic-wear, indian-suit, luxemia, palazzo-suit, pink, salwar-kameez, salwar-suit, shimmer-silk",TRUE,Color,Pink,Size,Free Size,,,,,shopify,10,deny,manual,122.99,175.88,TRUE,TRUE,,,,,FALSE,Shimmer Silk Pink Festival Wear Embroidery Work Readymade...,Shop this Pink Shimmer Silk salwar kameez for festival wear. Free shipping worldwide. Shop Indian ethnic wear at LuxeMia.Shop.,,kg,,,,,,active
shimmer-silk-pink-festival-wear-embroidery-work-readymade-plazzo-suit,,,,,,,,,Pink,,XS,,,,,shopify,5,deny,manual,122.99,175.88,TRUE,TRUE,,,,,,,,,kg,,,,,,
shimmer-silk-pink-festival-wear-embroidery-work-readymade-plazzo-suit,,,,,,,,,Pink,,S,,,,,shopify,5,deny,manual,122.99,175.88,TRUE,TRUE,,,,,,,,,kg,,,,,,
shimmer-silk-pink-festival-wear-embroidery-work-readymade-plazzo-suit,,,,,,,,,Pink,,M,,,,,shopify,5,deny,manual,122.99,175.88,TRUE,TRUE,,,,,,,,,kg,,,,,,
shimmer-silk-pink-festival-wear-embroidery-work-readymade-plazzo-suit,,,,,,,,,Pink,,L,,,,,shopify,5,deny,manual,122.99,175.88,TRUE,TRUE,,,,,,,,,kg,,,,,,
shimmer-silk-pink-festival-wear-embroidery-work-readymade-plazzo-suit,,,,,,,,,Pink,,XL,,,,,shopify,5,deny,manual,122.99,175.88,TRUE,TRUE,,,,,,,,,kg,,,,,,
shimmer-silk-pink-festival-wear-embroidery-work-readymade-plazzo-suit,,,,,,,,,Pink,,XXL,,,,,shopify,5,deny,manual,122.99,175.88,TRUE,TRUE,,,,,,,,,kg,,,,,,
shimmer-silk-turquoise-festival-wear-embroidery-work-readymade-plazzo-suit,Shimmer Silk Turquoise Festival Wear Embroidery Work Readymade Palazzo Suit,,LuxeMia,,Salwar Kameez,"embroidery-work, ethnic-suit, festival-wear, free-shipping, indian-ethnic-wear, indian-suit, luxemia, palazzo-suit, salwar-kameez, salwar-suit, shimmer-silk, turquoise",TRUE,Color,Turquoise,Size,Free Size,,,,,shopify,10,deny,manual,122.99,175.88,TRUE,TRUE,,,,,FALSE,Shimmer Silk Turquoise Festival Wear Embroidery Work Read...,Shop this Turquoise Shimmer Silk salwar kameez for festival wear. Free shipping worldwide. Shop Indian ethnic wear at LuxeMia.Shop.,,kg,,,,,,active
shimmer-silk-turquoise-festival-wear-embroidery-work-readymade-plazzo-suit,,,,,,,,,Turquoise,,XS,,,,,shopify,5,deny,manual,122.99,175.88,TRUE,TRUE,,,,,,,,,kg,,,,,,
shimmer-silk-turquoise-festival-wear-embroidery-work-readymade-plazzo-suit,,,,,,,,,Turquoise,,S,,,,,shopify,5,deny,manual,122.99,175.88,TRUE,TRUE,,,,,,,,,kg,,,,,,
shimmer-silk-turquoise-festival-wear-embroidery-work-readymade-plazzo-suit,,,,,,,,,Turquoise,,M,,,,,shopify,5,deny,manual,122.99,175.88,TRUE,TRUE,,,,,,,,,kg,,,,,,
shimmer-silk-turquoise-festival-wear-embroidery-work-readymade-plazzo-suit,,,,,,,,,Turquoise,,L,,,,,shopify,5,deny,manual,122.99,175.88,TRUE,TRUE,,,,,,,,,kg,,,,,,
shimmer-silk-turquoise-festival-wear-embroidery-work-readymade-plazzo-suit,,,,,,,,,Turquoise,,XL,,,,,shopify,5,deny,manual,122.99,175.88,TRUE,TRUE,,,,,,,,,kg,,,,,,
shimmer-silk-turquoise-festival-wear-embroidery-work-readymade-plazzo-suit,,,,,,,,,Turquoise,,XXL,,,,,shopify,5,deny,manual,122.99,175.88,TRUE,TRUE,,,,,,,,,kg,,,,,,
chinon-silk-orange-occasional-wear-embroidery-work-readymade-plazzo-suit,Chinon Silk Orange Occasional Wear Embroidery Work Readymade Palazzo Suit,,LuxeMia,,Salwar Kameez,"chinon-silk, embroidery-work, ethnic-suit, free-shipping, indian-ethnic-wear, indian-suit, luxemia, occasional-wear, orange, palazzo-suit, salwar-kameez, salwar-suit",TRUE,Color,Orange,Size,Free Size,,,,,shopify,10,deny,manual,102.99,147.28,TRUE,TRUE,,,,,FALSE,Chinon Silk Orange Occasional Wear Embroidery Work Readym...,Shop this Orange Chinon Silk salwar kameez for occasional wear. Free shipping worldwide. Shop Indian ethnic wear at LuxeMia.Shop.,,kg,,,,,,active
chinon-silk-orange-occasional-wear-embroidery-work-readymade-plazzo-suit,,,,,,,,,Orange,,XS,,,,,shopify,5,deny,manual,102.99,147.28,TRUE,TRUE,,,,,,,,,kg,,,,,,
chinon-silk-orange-occasional-wear-embroidery-work-readymade-plazzo-suit,,,,,,,,,Orange,,S,,,,,shopify,5,deny,manual,102.99,147.28,TRUE,TRUE,,,,,,,,,kg,,,,,,
chinon-silk-orange-occasional-wear-embroidery-work-readymade-plazzo-suit,,,,,,,,,Orange,,M,,,,,shopify,5,deny,manual,102.99,147.28,TRUE,TRUE,,,,,,,,,kg,,,,,,
chinon-silk-orange-occasional-wear-embroidery-work-readymade-plazzo-suit,,,,,,,,,Orange,,L,,,,,shopify,5,deny,manual,102.99,147.28,TRUE,TRUE,,,,,,,,,kg,,,,,,
chinon-silk-orange-occasional-wear-embroidery-work-readymade-plazzo-suit,,,,,,,,,Orange,,XL,,,,,shopify,5,deny,manual,102.99,147.28,TRUE,TRUE,,,,,,,,,kg,,,,,,
chinon-silk-orange-occasional-wear-embroidery-work-readymade-plazzo-suit,,,,,,,,,Orange,,XXL,,,,,shopify,5,deny,manual,102.99,147.28,TRUE,TRUE,,,,,,,,,kg,,,,,,
chinon-silk-navy-blue-occasional-wear-embroidery-work-readymade-plazzo-suit,Chinon Silk Navy Blue Occasional Wear Embroidery Work Readymade Palazzo Suit,,LuxeMia,,Salwar Kameez,"chinon-silk, embroidery-work, ethnic-suit, free-shipping, indian-ethnic-wear, indian-suit, luxemia, navy-blue, occasional-wear, palazzo-suit, salwar-kameez, salwar-suit",TRUE,Color,Navy,Size,Free Size,,,,,shopify,10,deny,manual,102.99,147.28,TRUE,TRUE,,,,,FALSE,Chinon Silk Navy Blue Occasional Wear Embroidery Work Rea...,Shop this Navy Blue Chinon Silk salwar kameez for occasional wear. Free shipping worldwide. Shop Indian ethnic wear at LuxeMia.Shop.,,kg,,,,,,active
chinon-silk-navy-blue-occasional-wear-embroidery-work-readymade-plazzo-suit,,,,,,,,,Navy,,XS,,,,,shopify,5,deny,manual,102.99,147.28,TRUE,TRUE,,,,,,,,,kg,,,,,,
chinon-silk-navy-blue-occasional-wear-embroidery-work-readymade-plazzo-suit,,,,,,,,,Navy,,S,,,,,shopify,5,deny,manual,102.99,147.28,TRUE,TRUE,,,,,,,,,kg,,,,,,
chinon-silk-navy-blue-occasional-wear-embroidery-work-readymade-plazzo-suit,,,,,,,,,Navy,,M,,,,,shopify,5,deny,manual,102.99,147.28,TRUE,TRUE,,,,,,,,,kg,,,,,,
chinon-silk-navy-blue-occasional-wear-embroidery-work-readymade-plazzo-suit,,,,,,,,,Navy,,L,,,,,shopify,5,deny,manual,102.99,147.28,TRUE,TRUE,,,,,,,,,kg,,,,,,
chinon-silk-navy-blue-occasional-wear-embroidery-work-readymade-plazzo-suit,,,,,,,,,Navy,,XL,,,,,shopify,5,deny,manual,102.99,147.28,TRUE,TRUE,,,,,,,,,kg,,,,,,
chinon-silk-navy-blue-occasional-wear-embroidery-work-readymade-plazzo-suit,,,,,,,,,Navy,,XXL,,,,,shopify,5,deny,manual,102.99,147.28,TRUE,TRUE,,,,,,,,,kg,,,,,,
fendy-silk-maroon-festival-wear-embroidery-work-readymade-plazzo-suit,Fendy Silk Maroon Festival Wear Embroidery Work Readymade Palazzo Suit,,LuxeMia,,Salwar Kameez,"embroidery-work, ethnic-suit, fendy-silk, festival-wear, free-shipping, indian-ethnic-wear, indian-suit, luxemia, maroon, palazzo-suit, salwar-kameez, salwar-suit",TRUE,Color,Maroon,Size,Free Size,,,,,shopify,10,deny,manual,123.99,177.31,TRUE,TRUE,,,,,FALSE,Fendy Silk Maroon Festival Wear Embroidery Work Readymade...,Shop this Maroon Fendy Silk salwar kameez for festival wear. Free shipping worldwide. Shop Indian ethnic wear at LuxeMia.Shop.,,kg,,,,,,active
fendy-silk-maroon-festival-wear-embroidery-work-readymade-plazzo-suit,,,,,,,,,Maroon,,XS,,,,,shopify,5,deny,manual,123.99,177.31,TRUE,TRUE,,,,,,,,,kg,,,,,,
fendy-silk-maroon-festival-wear-embroidery-work-readymade-plazzo-suit,,,,,,,,,Maroon,,S,,,,,shopify,5,deny,manual,123.99,177.31,TRUE,TRUE,,,,,,,,,kg,,,,,,
fendy-silk-maroon-festival-wear-embroidery-work-readymade-plazzo-suit,,,,,,,,,Maroon,,M,,,,,shopify,5,deny,manual,123.99,177.31,TRUE,TRUE,,,,,,,,,kg,,,,,,
fendy-silk-maroon-festival-wear-embroidery-work-readymade-plazzo-suit,,,,,,,,,Maroon,,L,,,,,shopify,5,deny,manual,123.99,177.31,TRUE,TRUE,,,,,,,,,kg,,,,,,
fendy-silk-maroon-festival-wear-embroidery-work-readymade-plazzo-suit,,,,,,,,,Maroon,,XL,,,,,shopify,5,deny,manual,123.99,177.31,TRUE,TRUE,,,,,,,,,kg,,,,,,
fendy-silk-maroon-festival-wear-embroidery-work-readymade-plazzo-suit,,,,,,,,,Maroon,,XXL,,,,,shopify,5,deny,manual,123.99,177.31,TRUE,TRUE,,,,,,,,,kg,,,,,,
fendy-silk-black-festival-wear-embroidery-work-readymade-plazzo-suit,Fendy Silk Black Festival Wear Embroidery Work Readymade Palazzo Suit,,LuxeMia,,Salwar Kameez,"black, embroidery-work, ethnic-suit, fendy-silk, festival-wear, free-shipping, indian-ethnic-wear, indian-suit, luxemia, palazzo-suit, salwar-kameez, salwar-suit",TRUE,Color,Black,Size,Free Size,,,,,shopify,10,deny,manual,123.99,177.31,TRUE,TRUE,,,,,FALSE,Fendy Silk Black Festival Wear Embroidery Work Readymade ...,Shop this Black Fendy Silk salwar kameez for festival wear. Free shipping worldwide. Shop Indian ethnic wear at LuxeMia.Shop.,,kg,,,,,,active
fendy-silk-black-festival-wear-embroidery-work-readymade-plazzo-suit,,,,,,,,,Black,,XS,,,,,shopify,5,deny,manual,123.99,177.31,TRUE,TRUE,,,,,,,,,kg,,,,,,
fendy-silk-black-festival-wear-embroidery-work-readymade-plazzo-suit,,,,,,,,,Black,,S,,,,,shopify,5,deny,manual,123.99,177.31,TRUE,TRUE,,,,,,,,,kg,,,,,,
fendy-silk-black-festival-wear-embroidery-work-readymade-plazzo-suit,,,,,,,,,Black,,M,,,,,shopify,5,deny,manual,123.99,177.31,TRUE,TRUE,,,,,,,,,kg,,,,,,
fendy-silk-black-festival-wear-embroidery-work-readymade-plazzo-suit,,,,,,,,,Black,,L,,,,,shopify,5,deny,manual,123.99,177.31,TRUE,TRUE,,,,,,,,,kg,,,,,,
fendy-silk-black-festival-wear-embroidery-work-readymade-plazzo-suit,,,,,,,,,Black,,XL,,,,,shopify,5,deny,manual,123.99,177.31,TRUE,TRUE,,,,,,,,,kg,,,,,,
fendy-silk-black-festival-wear-embroidery-work-readymade-plazzo-suit,,,,,,,,,Black,,XXL,,,,,shopify,5,deny,manual,123.99,177.31,TRUE,TRUE,,,,,,,,,kg,,,,,,
fendy-silk-navy-blue-festival-wear-embroidery-work-readymade-plazzo-suit,Fendy Silk Navy Blue Festival Wear Embroidery Work Readymade Palazzo Suit,,LuxeMia,,Salwar Kameez,"embroidery-work, ethnic-suit, fendy-silk, festival-wear, free-shipping, indian-ethnic-wear, indian-suit, luxemia, navy-blue, palazzo-suit, salwar-kameez, salwar-suit",TRUE,Color,Navy,Size,Free Size,,,,,shopify,10,deny,manual,123.99,177.31,TRUE,TRUE,,,,,FALSE,Fendy Silk Navy Blue Festival Wear Embroidery Work Readym...,Shop this Navy Blue Fendy Silk salwar kameez for festival wear. Free shipping worldwide. Shop Indian ethnic wear at LuxeMia.Shop.,,kg,,,,,,active
fendy-silk-navy-blue-festival-wear-embroidery-work-readymade-plazzo-suit,,,,,,,,,Navy,,XS,,,,,shopify,5,deny,manual,123.99,177.31,TRUE,TRUE,,,,,,,,,kg,,,,,,
fendy-silk-navy-blue-festival-wear-embroidery-work-readymade-plazzo-suit,,,,,,,,,Navy,,S,,,,,shopify,5,deny,manual,123.99,177.31,TRUE,TRUE,,,,,,,,,kg,,,,,,
fendy-silk-navy-blue-festival-wear-embroidery-work-readymade-plazzo-suit,,,,,,,,,Navy,,M,,,,,shopify,5,deny,manual,123.99,177.31,TRUE,TRUE,,,,,,,,,kg,,,,,,
fendy-silk-navy-blue-festival-wear-embroidery-work-readymade-plazzo-suit,,,,,,,,,Navy,,L,,,,,shopify,5,deny,manual,123.99,177.31,TRUE,TRUE,,,,,,,,,kg,,,,,,
fendy-silk-navy-blue-festival-wear-embroidery-work-readymade-plazzo-suit,,,,,,,,,Navy,,XL,,,,,shopify,5,deny,manual,123.99,177.31,TRUE,TRUE,,,,,,,,,kg,,,,,,
fendy-silk-navy-blue-festival-wear-embroidery-work-readymade-plazzo-suit,,,,,,,,,Navy,,XXL,,,,,shopify,5,deny,manual,123.99,177.31,TRUE,TRUE,,,,,,,,,kg,,,,,,
chinon-navy-blue-occasional-wear-embroidery-work-readymade-plazzo-suit,Chinon Navy Blue Occasional Wear Embroidery Work Readymade Palazzo Suit,,LuxeMia,,Salwar Kameez,"chinon, embroidery-work, ethnic-suit, free-shipping, indian-ethnic-wear, indian-suit, luxemia, navy-blue, occasional-wear, palazzo-suit, salwar-kameez, salwar-suit",TRUE,Color,Navy,Size,Free Size,,,,,shopify,10,deny,manual,102.99,147.28,TRUE,TRUE,,,,,FALSE,Chinon Navy Blue Occasional Wear Embroidery Work Readymad...,Shop this Navy Blue Chinon salwar kameez for occasional wear. Free shipping worldwide. Shop Indian ethnic wear at LuxeMia.Shop.,,kg,,,,,,active
chinon-navy-blue-occasional-wear-embroidery-work-readymade-plazzo-suit,,,,,,,,,Navy,,XS,,,,,shopify,5,deny,manual,102.99,147.28,TRUE,TRUE,,,,,,,,,kg,,,,,,
chinon-navy-blue-occasional-wear-embroidery-work-readymade-plazzo-suit,,,,,,,,,Navy,,S,,,,,shopify,5,deny,manual,102.99,147.28,TRUE,TRUE,,,,,,,,,kg,,,,,,
chinon-navy-blue-occasional-wear-embroidery-work-readymade-plazzo-suit,,,,,,,,,Navy,,M,,,,,shopify,5,deny,manual,102.99,147.28,TRUE,TRUE,,,,,,,,,kg,,,,,,
chinon-navy-blue-occasional-wear-embroidery-work-readymade-plazzo-suit,,,,,,,,,Navy,,L,,,,,shopify,5,deny,manual,102.99,147.28,TRUE,TRUE,,,,,,,,,kg,,,,,,
chinon-navy-blue-occasional-wear-embroidery-work-readymade-plazzo-suit,,,,,,,,,Navy,,XL,,,,,shopify,5,deny,manual,102.99,147.28,TRUE,TRUE,,,,,,,,,kg,,,,,,
chinon-navy-blue-occasional-wear-embroidery-work-readymade-plazzo-suit,,,,,,,,,Navy,,XXL,,,,,shopify,5,deny,manual,102.99,147.28,TRUE,TRUE,,,,,,,,,kg,,,,,,
chinon-hot-pink-occasional-wear-embroidery-work-readymade-plazzo-suit,Chinon Hot Pink Occasional Wear Embroidery Work Readymade Palazzo Suit,,LuxeMia,,Salwar Kameez,"chinon, embroidery-work, ethnic-suit, free-shipping, hot-pink, indian-ethnic-wear, indian-suit, luxemia, occasional-wear, palazzo-suit, salwar-kameez, salwar-suit",TRUE,Color,Pink,Size,Free Size,,,,,shopify,10,deny,manual,102.99,147.28,TRUE,TRUE,,,,,FALSE,Chinon Hot Pink Occasional Wear Embroidery Work Readymade...,Shop this Hot Pink Chinon salwar kameez for occasional wear. Free shipping worldwide. Shop Indian ethnic wear at LuxeMia.Shop.,,kg,,,,,,active
chinon-hot-pink-occasional-wear-embroidery-work-readymade-plazzo-suit,,,,,,,,,Pink,,XS,,,,,shopify,5,deny,manual,102.99,147.28,TRUE,TRUE,,,,,,,,,kg,,,,,,
chinon-hot-pink-occasional-wear-embroidery-work-readymade-plazzo-suit,,,,,,,,,Pink,,S,,,,,shopify,5,deny,manual,102.99,147.28,TRUE,TRUE,,,,,,,,,kg,,,,,,
chinon-hot-pink-occasional-wear-embroidery-work-readymade-plazzo-suit,,,,,,,,,Pink,,M,,,,,shopify,5,deny,manual,102.99,147.28,TRUE,TRUE,,,,,,,,,kg,,,,,,
chinon-hot-pink-occasional-wear-embroidery-work-readymade-plazzo-suit,,,,,,,,,Pink,,L,,,,,shopify,5,deny,manual,102.99,147.28,TRUE,TRUE,,,,,,,,,kg,,,,,,
chinon-hot-pink-occasional-wear-embroidery-work-readymade-plazzo-suit,,,,,,,,,Pink,,XL,,,,,shopify,5,deny,manual,102.99,147.28,TRUE,TRUE,,,,,,,,,kg,,,,,,
chinon-hot-pink-occasional-wear-embroidery-work-readymade-plazzo-suit,,,,,,,,,Pink,,XXL,,,,,shopify,5,deny,manual,102.99,147.28,TRUE,TRUE,,,,,,,,,kg,,,,,,
chinon-green-occasional-wear-embroidery-work-readymade-plazzo-suit,Chinon Green Occasional Wear Embroidery Work Readymade Palazzo Suit,,LuxeMia,,Salwar Kameez,"chinon, embroidery-work, ethnic-suit, free-shipping, green, indian-ethnic-wear, indian-suit, luxemia, occasional-wear, palazzo-suit, salwar-kameez, salwar-suit",TRUE,Color,Green,Size,Free Size,,,,,shopify,10,deny,manual,102.99,147.28,TRUE,TRUE,,,,,FALSE,Chinon Green Occasional Wear Embroidery Work Readymade Pa...,Shop this Green Chinon salwar kameez for occasional wear. Free shipping worldwide. Shop Indian ethnic wear at LuxeMia.Shop.,,kg,,,,,,active
chinon-green-occasional-wear-embroidery-work-readymade-plazzo-suit,,,,,,,,,Green,,XS,,,,,shopify,5,deny,manual,102.99,147.28,TRUE,TRUE,,,,,,,,,kg,,,,,,
chinon-green-occasional-wear-embroidery-work-readymade-plazzo-suit,,,,,,,,,Green,,S,,,,,shopify,5,deny,manual,102.99,147.28,TRUE,TRUE,,,,,,,,,kg,,,,,,
chinon-green-occasional-wear-embroidery-work-readymade-plazzo-suit,,,,,,,,,Green,,M,,,,,shopify,5,deny,manual,102.99,147.28,TRUE,TRUE,,,,,,,,,kg,,,,,,
chinon-green-occasional-wear-embroidery-work-readymade-plazzo-suit,,,,,,,,,Green,,L,,,,,shopify,5,deny,manual,102.99,147.28,TRUE,TRUE,,,,,,,,,kg,,,,,,
chinon-green-occasional-wear-embroidery-work-readymade-plazzo-suit,,,,,,,,,Green,,XL,,,,,shopify,5,deny,manual,102.99,147.28,TRUE,TRUE,,,,,,,,,kg,,,,,,
chinon-green-occasional-wear-embroidery-work-readymade-plazzo-suit,,,,,,,,,Green,,XXL,,,,,shopify,5,deny,manual,102.99,147.28,TRUE,TRUE,,,,,,,,,kg,,,,,,
chinon-violet-occasional-wear-embroidery-work-readymade-plazzo-suit,Chinon Violet Occasional Wear Embroidery Work Readymade Palazzo Suit,,LuxeMia,,Salwar Kameez,"chinon, embroidery-work, ethnic-suit, free-shipping, indian-ethnic-wear, indian-suit, luxemia, occasional-wear, palazzo-suit, salwar-kameez, salwar-suit, violet",TRUE,Color,Default,Size,Free Size,,,,,shopify,10,deny,manual,102.99,147.28,TRUE,TRUE,,,,,FALSE,Chinon Violet Occasional Wear Embroidery Work Readymade P...,Shop this Violet Chinon salwar kameez for occasional wear. Free shipping worldwide. Shop Indian ethnic wear at LuxeMia.Shop.,,kg,,,,,,active
chinon-violet-occasional-wear-embroidery-work-readymade-plazzo-suit,,,,,,,,,Default,,XS,,,,,shopify,5,deny,manual,102.99,147.28,TRUE,TRUE,,,,,,,,,kg,,,,,,
chinon-violet-occasional-wear-embroidery-work-readymade-plazzo-suit,,,,,,,,,Default,,S,,,,,shopify,5,deny,manual,102.99,147.28,TRUE,TRUE,,,,,,,,,kg,,,,,,
chinon-violet-occasional-wear-embroidery-work-readymade-plazzo-suit,,,,,,,,,Default,,M,,,,,shopify,5,deny,manual,102.99,147.28,TRUE,TRUE,,,,,,,,,kg,,,,,,
chinon-violet-occasional-wear-embroidery-work-readymade-plazzo-suit,,,,,,,,,Default,,L,,,,,shopify,5,deny,manual,102.99,147.28,TRUE,TRUE,,,,,,,,,kg,,,,,,
chinon-violet-occasional-wear-embroidery-work-readymade-plazzo-suit,,,,,,,,,Default,,XL,,,,,shopify,5,deny,manual,102.99,147.28,TRUE,TRUE,,,,,,,,,kg,,,,,,
chinon-violet-occasional-wear-embroidery-work-readymade-plazzo-suit,,,,,,,,,Default,,XXL,,,,,shopify,5,deny,manual,102.99,147.28,TRUE,TRUE,,,,,,,,,kg,,,,,,
georgette-pink-occasional-wear-embroidery-work-readymade-plazzo-suit,Georgette Pink Occasional Wear Embroidery Work Readymade Palazzo Suit,,LuxeMia,,Salwar Kameez,"embroidery-work, ethnic-suit, free-shipping, georgette, indian-ethnic-wear, indian-suit, luxemia, occasional-wear, palazzo-suit, pink, salwar-kameez, salwar-suit",TRUE,Color,Pink,Size,Free Size,,,,,shopify,10,deny,manual,97.99,140.13,TRUE,TRUE,,,,,FALSE,Georgette Pink Occasional Wear Embroidery Work Readymade ...,Shop this Pink Georgette salwar kameez for occasional wear. Free shipping worldwide. Shop Indian ethnic wear at LuxeMia.Shop.,,kg,,,,,,active
georgette-pink-occasional-wear-embroidery-work-readymade-plazzo-suit,,,,,,,,,Pink,,XS,,,,,shopify,5,deny,manual,97.99,140.13,TRUE,TRUE,,,,,,,,,kg,,,,,,
georgette-pink-occasional-wear-embroidery-work-readymade-plazzo-suit,,,,,,,,,Pink,,S,,,,,shopify,5,deny,manual,97.99,140.13,TRUE,TRUE,,,,,,,,,kg,,,,,,
georgette-pink-occasional-wear-embroidery-work-readymade-plazzo-suit,,,,,,,,,Pink,,M,,,,,shopify,5,deny,manual,97.99,140.13,TRUE,TRUE,,,,,,,,,kg,,,,,,
georgette-pink-occasional-wear-embroidery-work-readymade-plazzo-suit,,,,,,,,,Pink,,L,,,,,shopify,5,deny,manual,97.99,140.13,TRUE,TRUE,,,,,,,,,kg,,,,,,
georgette-pink-occasional-wear-embroidery-work-readymade-plazzo-suit,,,,,,,,,Pink,,XL,,,,,shopify,5,deny,manual,97.99,140.13,TRUE,TRUE,,,,,,,,,kg,,,,,,
georgette-pink-occasional-wear-embroidery-work-readymade-plazzo-suit,,,,,,,,,Pink,,XXL,,,,,shopify,5,deny,manual,97.99,140.13,TRUE,TRUE,,,,,,,,,kg,,,,,,
georgette-wine-occasional-wear-embroidery-work-readymade-plazzo-suit,Georgette Wine Occasional Wear Embroidery Work Readymade Palazzo Suit,,LuxeMia,,Salwar Kameez,"embroidery-work, ethnic-suit, free-shipping, georgette, indian-ethnic-wear, indian-suit, luxemia, occasional-wear, palazzo-suit, salwar-kameez, salwar-suit, wine",TRUE,Color,Wine,Size,Free Size,,,,,shopify,10,deny,manual,97.99,140.13,TRUE,TRUE,,,,,FALSE,Georgette Wine Occasional Wear Embroidery Work Readymade ...,Shop this Wine Georgette salwar kameez for occasional wear. Free shipping worldwide. Shop Indian ethnic wear at LuxeMia.Shop.,,kg,,,,,,active
georgette-wine-occasional-wear-embroidery-work-readymade-plazzo-suit,,,,,,,,,Wine,,XS,,,,,shopify,5,deny,manual,97.99,140.13,TRUE,TRUE,,,,,,,,,kg,,,,,,
georgette-wine-occasional-wear-embroidery-work-readymade-plazzo-suit,,,,,,,,,Wine,,S,,,,,shopify,5,deny,manual,97.99,140.13,TRUE,TRUE,,,,,,,,,kg,,,,,,
georgette-wine-occasional-wear-embroidery-work-readymade-plazzo-suit,,,,,,,,,Wine,,M,,,,,shopify,5,deny,manual,97.99,140.13,TRUE,TRUE,,,,,,,,,kg,,,,,,
georgette-wine-occasional-wear-embroidery-work-readymade-plazzo-suit,,,,,,,,,Wine,,L,,,,,shopify,5,deny,manual,97.99,140.13,TRUE,TRUE,,,,,,,,,kg,,,,,,
georgette-wine-occasional-wear-embroidery-work-readymade-plazzo-suit,,,,,,,,,Wine,,XL,,,,,shopify,5,deny,manual,97.99,140.13,TRUE,TRUE,,,,,,,,,kg,,,,,,
georgette-wine-occasional-wear-embroidery-work-readymade-plazzo-suit,,,,,,,,,Wine,,XXL,,,,,shopify,5,deny,manual,97.99,140.13,TRUE,TRUE,,,,,,,,,kg,,,,,,
georgette-green-occasional-wear-embroidery-work-readymade-plazzo-suit,Georgette Green Occasional Wear Embroidery Work Readymade Palazzo Suit,,LuxeMia,,Salwar Kameez,"embroidery-work, ethnic-suit, free-shipping, georgette, green, indian-ethnic-wear, indian-suit, luxemia, occasional-wear, palazzo-suit, salwar-kameez, salwar-suit",TRUE,Color,Green,Size,Free Size,,,,,shopify,10,deny,manual,97.99,140.13,TRUE,TRUE,,,,,FALSE,Georgette Green Occasional Wear Embroidery Work Readymade...,Shop this Green Georgette salwar kameez for occasional wear. Free shipping worldwide. Shop Indian ethnic wear at LuxeMia.Shop.,,kg,,,,,,active
georgette-green-occasional-wear-embroidery-work-readymade-plazzo-suit,,,,,,,,,Green,,XS,,,,,shopify,5,deny,manual,97.99,140.13,TRUE,TRUE,,,,,,,,,kg,,,,,,
georgette-green-occasional-wear-embroidery-work-readymade-plazzo-suit,,,,,,,,,Green,,S,,,,,shopify,5,deny,manual,97.99,140.13,TRUE,TRUE,,,,,,,,,kg,,,,,,
georgette-green-occasional-wear-embroidery-work-readymade-plazzo-suit,,,,,,,,,Green,,M,,,,,shopify,5,deny,manual,97.99,140.13,TRUE,TRUE,,,,,,,,,kg,,,,,,
georgette-green-occasional-wear-embroidery-work-readymade-plazzo-suit,,,,,,,,,Green,,L,,,,,shopify,5,deny,manual,97.99,140.13,TRUE,TRUE,,,,,,,,,kg,,,,,,
georgette-green-occasional-wear-embroidery-work-readymade-plazzo-suit,,,,,,,,,Green,,XL,,,,,shopify,5,deny,manual,97.99,140.13,TRUE,TRUE,,,,,,,,,kg,,,,,,
georgette-green-occasional-wear-embroidery-work-readymade-plazzo-suit,,,,,,,,,Green,,XXL,,,,,shopify,5,deny,manual,97.99,140.13,TRUE,TRUE,,,,,,,,,kg,,,,,,
georgette-purple-occasional-wear-embroidery-work-readymade-plazzo-suit,Georgette Purple Occasional Wear Embroidery Work Readymade Palazzo Suit,,LuxeMia,,Salwar Kameez,"embroidery-work, ethnic-suit, free-shipping, georgette, indian-ethnic-wear, indian-suit, luxemia, occasional-wear, palazzo-suit, purple, salwar-kameez, salwar-suit",TRUE,Color,Purple,Size,Free Size,,,,,shopify,10,deny,manual,97.99,140.13,TRUE,TRUE,,,,,FALSE,Georgette Purple Occasional Wear Embroidery Work Readymad...,Shop this Purple Georgette salwar kameez for occasional wear. Free shipping worldwide. Shop Indian ethnic wear at LuxeMia.Shop.,,kg,,,,,,active
georgette-purple-occasional-wear-embroidery-work-readymade-plazzo-suit,,,,,,,,,Purple,,XS,,,,,shopify,5,deny,manual,97.99,140.13,TRUE,TRUE,,,,,,,,,kg,,,,,,
georgette-purple-occasional-wear-embroidery-work-readymade-plazzo-suit,,,,,,,,,Purple,,S,,,,,shopify,5,deny,manual,97.99,140.13,TRUE,TRUE,,,,,,,,,kg,,,,,,
georgette-purple-occasional-wear-embroidery-work-readymade-plazzo-suit,,,,,,,,,Purple,,M,,,,,shopify,5,deny,manual,97.99,140.13,TRUE,TRUE,,,,,,,,,kg,,,,,,
georgette-purple-occasional-wear-embroidery-work-readymade-plazzo-suit,,,,,,,,,Purple,,L,,,,,shopify,5,deny,manual,97.99,140.13,TRUE,TRUE,,,,,,,,,kg,,,,,,
georgette-purple-occasional-wear-embroidery-work-readymade-plazzo-suit,,,,,,,,,Purple,,XL,,,,,shopify,5,deny,manual,97.99,140.13,TRUE,TRUE,,,,,,,,,kg,,,,,,
georgette-purple-occasional-wear-embroidery-work-readymade-plazzo-suit,,,,,,,,,Purple,,XXL,,,,,shopify,5,deny,manual,97.99,140.13,TRUE,TRUE,,,,,,,,,kg,,,,,,
fendy-silk-teal-blue-festival-wear-embroidery-work-readymade-plazzo-suit,Fendy Silk Teal Blue Festival Wear Embroidery Work Readymade Palazzo Suit,,LuxeMia,,Salwar Kameez,"embroidery-work, ethnic-suit, fendy-silk, festival-wear, free-shipping, indian-ethnic-wear, indian-suit, luxemia, palazzo-suit, salwar-kameez, salwar-suit, teal-blue",TRUE,Color,Teal,Size,Free Size,,,,,shopify,10,deny,manual,138.99,198.76,TRUE,TRUE,,,,,FALSE,Fendy Silk Teal Blue Festival Wear Embroidery Work Readym...,Shop this Teal Blue Fendy Silk salwar kameez for festival wear. Free shipping worldwide. Shop Indian ethnic wear at LuxeMia.Shop.,,kg,,,,,,active
fendy-silk-teal-blue-festival-wear-embroidery-work-readymade-plazzo-suit,,,,,,,,,Teal,,XS,,,,,shopify,5,deny,manual,138.99,198.76,TRUE,TRUE,,,,,,,,,kg,,,,,,
fendy-silk-teal-blue-festival-wear-embroidery-work-readymade-plazzo-suit,,,,,,,,,Teal,,S,,,,,shopify,5,deny,manual,138.99,198.76,TRUE,TRUE,,,,,,,,,kg,,,,,,
fendy-silk-teal-blue-festival-wear-embroidery-work-readymade-plazzo-suit,,,,,,,,,Teal,,M,,,,,shopify,5,deny,manual,138.99,198.76,TRUE,TRUE,,,,,,,,,kg,,,,,,
fendy-silk-teal-blue-festival-wear-embroidery-work-readymade-plazzo-suit,,,,,,,,,Teal,,L,,,,,shopify,5,deny,manual,138.99,198.76,TRUE,TRUE,,,,,,,,,kg,,,,,,
fendy-silk-teal-blue-festival-wear-embroidery-work-readymade-plazzo-suit,,,,,,,,,Teal,,XL,,,,,shopify,5,deny,manual,138.99,198.76,TRUE,TRUE,,,,,,,,,kg,,,,,,
fendy-silk-teal-blue-festival-wear-embroidery-work-readymade-plazzo-suit,,,,,,,,,Teal,,XXL,,,,,shopify,5,deny,manual,138.99,198.76,TRUE,TRUE,,,,,,,,,kg,,,,,,
fendy-silk-rani-pink-festival-wear-embroidery-work-readymade-plazzo-suit,Fendy Silk Rani Pink Festival Wear Embroidery Work Readymade Palazzo Suit,,LuxeMia,,Salwar Kameez,"embroidery-work, ethnic-suit, fendy-silk, festival-wear, free-shipping, indian-ethnic-wear, indian-suit, luxemia, palazzo-suit, rani-pink, salwar-kameez, salwar-suit",TRUE,Color,Rani,Size,Free Size,,,,,shopify,10,deny,manual,138.99,198.76,TRUE,TRUE,,,,,FALSE,Fendy Silk Rani Pink Festival Wear Embroidery Work Readym...,Shop this Rani Pink Fendy Silk salwar kameez for festival wear. Free shipping worldwide. Shop Indian ethnic wear at LuxeMia.Shop.,,kg,,,,,,active
fendy-silk-rani-pink-festival-wear-embroidery-work-readymade-plazzo-suit,,,,,,,,,Rani,,XS,,,,,shopify,5,deny,manual,138.99,198.76,TRUE,TRUE,,,,,,,,,kg,,,,,,
fendy-silk-rani-pink-festival-wear-embroidery-work-readymade-plazzo-suit,,,,,,,,,Rani,,S,,,,,shopify,5,deny,manual,138.99,198.76,TRUE,TRUE,,,,,,,,,kg,,,,,,
fendy-silk-rani-pink-festival-wear-embroidery-work-readymade-plazzo-suit,,,,,,,,,Rani,,M,,,,,shopify,5,deny,manual,138.99,198.76,TRUE,TRUE,,,,,,,,,kg,,,,,,
fendy-silk-rani-pink-festival-wear-embroidery-work-readymade-plazzo-suit,,,,,,,,,Rani,,L,,,,,shopify,5,deny,manual,138.99,198.76,TRUE,TRUE,,,,,,,,,kg,,,,,,
fendy-silk-rani-pink-festival-wear-embroidery-work-readymade-plazzo-suit,,,,,,,,,Rani,,XL,,,,,shopify,5,deny,manual,138.99,198.76,TRUE,TRUE,,,,,,,,,kg,,,,,,
fendy-silk-rani-pink-festival-wear-embroidery-work-readymade-plazzo-suit,,,,,,,,,Rani,,XXL,,,,,shopify,5,deny,manual,138.99,198.76,TRUE,TRUE,,,,,,,,,kg,,,,,,
silk-black-occasional-wear-mirror-work-readymade-patiyala-suit,Silk Black Occasional Wear Mirror Work Readymade Patiala Suit,,LuxeMia,,Salwar Kameez,"black, ethnic-suit, free-shipping, indian-ethnic-wear, indian-suit, luxemia, mirror-work, occasional-wear, palazzo-suit, salwar-kameez, salwar-suit, silk",TRUE,Color,Black,Size,Free Size,,,,,shopify,10,deny,manual,85.99,122.97,TRUE,TRUE,,,,,FALSE,Silk Black Occasional Wear Mirror Work Readymade Patiala ...,Shop this Black Silk salwar kameez for occasional wear. Free shipping worldwide. Shop Indian ethnic wear at LuxeMia.Shop.,,kg,,,,,,active
silk-black-occasional-wear-mirror-work-readymade-patiyala-suit,,,,,,,,,Black,,XS,,,,,shopify,5,deny,manual,85.99,122.97,TRUE,TRUE,,,,,,,,,kg,,,,,,
silk-black-occasional-wear-mirror-work-readymade-patiyala-suit,,,,,,,,,Black,,S,,,,,shopify,5,deny,manual,85.99,122.97,TRUE,TRUE,,,,,,,,,kg,,,,,,
silk-black-occasional-wear-mirror-work-readymade-patiyala-suit,,,,,,,,,Black,,M,,,,,shopify,5,deny,manual,85.99,122.97,TRUE,TRUE,,,,,,,,,kg,,,,,,
silk-black-occasional-wear-mirror-work-readymade-patiyala-suit,,,,,,,,,Black,,L,,,,,shopify,5,deny,manual,85.99,122.97,TRUE,TRUE,,,,,,,,,kg,,,,,,
silk-black-occasional-wear-mirror-work-readymade-patiyala-suit,,,,,,,,,Black,,XL,,,,,shopify,5,deny,manual,85.99,122.97,TRUE,TRUE,,,,,,,,,kg,,,,,,
silk-black-occasional-wear-mirror-work-readymade-patiyala-suit,,,,,,,,,Black,,XXL,,,,,shopify,5,deny,manual,85.99,122.97,TRUE,TRUE,,,,,,,,,kg,,,,,,
silk-light-pink-occasional-wear-mirror-work-readymade-patiyala-suit,Silk Light Pink Occasional Wear Mirror Work Readymade Patiala Suit,,LuxeMia,,Salwar Kameez,"ethnic-suit, free-shipping, indian-ethnic-wear, indian-suit, light-pink, luxemia, mirror-work, occasional-wear, palazzo-suit, salwar-kameez, salwar-suit, silk",TRUE,Color,Light Pink,Size,Free Size,,,,,shopify,10,deny,manual,85.99,122.97,TRUE,TRUE,,,,,FALSE,Silk Light Pink Occasional Wear Mirror Work Readymade Pat...,Shop this Light Pink Silk salwar kameez for occasional wear. Free shipping worldwide. Shop Indian ethnic wear at LuxeMia.Shop.,,kg,,,,,,active
silk-light-pink-occasional-wear-mirror-work-readymade-patiyala-suit,,,,,,,,,Light Pink,,XS,,,,,shopify,5,deny,manual,85.99,122.97,TRUE,TRUE,,,,,,,,,kg,,,,,,
silk-light-pink-occasional-wear-mirror-work-readymade-patiyala-suit,,,,,,,,,Light Pink,,S,,,,,shopify,5,deny,manual,85.99,122.97,TRUE,TRUE,,,,,,,,,kg,,,,,,
silk-light-pink-occasional-wear-mirror-work-readymade-patiyala-suit,,,,,,,,,Light Pink,,M,,,,,shopify,5,deny,manual,85.99,122.97,TRUE,TRUE,,,,,,,,,kg,,,,,,
silk-light-pink-occasional-wear-mirror-work-readymade-patiyala-suit,,,,,,,,,Light Pink,,L,,,,,shopify,5,deny,manual,85.99,122.97,TRUE,TRUE,,,,,,,,,kg,,,,,,
silk-light-pink-occasional-wear-mirror-work-readymade-patiyala-suit,,,,,,,,,Light Pink,,XL,,,,,shopify,5,deny,manual,85.99,122.97,TRUE,TRUE,,,,,,,,,kg,,,,,,
silk-light-pink-occasional-wear-mirror-work-readymade-patiyala-suit,,,,,,,,,Light Pink,,XXL,,,,,shopify,5,deny,manual,85.99,122.97,TRUE,TRUE,,,,,,,,,kg,,,,,,
silk-green-occasional-wear-mirror-work-readymade-patiyala-suit,Silk Green Occasional Wear Mirror Work Readymade Patiala Suit,,LuxeMia,,Salwar Kameez,"ethnic-suit, free-shipping, green, indian-ethnic-wear, indian-suit, luxemia, mirror-work, occasional-wear, palazzo-suit, salwar-kameez, salwar-suit, silk",TRUE,Color,Green,Size,Free Size,,,,,shopify,10,deny,manual,85.99,122.97,TRUE,TRUE,,,,,FALSE,Silk Green Occasional Wear Mirror Work Readymade Patiala ...,Shop this Green Silk salwar kameez for occasional wear. Free shipping worldwide. Shop Indian ethnic wear at LuxeMia.Shop.,,kg,,,,,,active
silk-green-occasional-wear-mirror-work-readymade-patiyala-suit,,,,,,,,,Green,,XS,,,,,shopify,5,deny,manual,85.99,122.97,TRUE,TRUE,,,,,,,,,kg,,,,,,
silk-green-occasional-wear-mirror-work-readymade-patiyala-suit,,,,,,,,,Green,,S,,,,,shopify,5,deny,manual,85.99,122.97,TRUE,TRUE,,,,,,,,,kg,,,,,,
silk-green-occasional-wear-mirror-work-readymade-patiyala-suit,,,,,,,,,Green,,M,,,,,shopify,5,deny,manual,85.99,122.97,TRUE,TRUE,,,,,,,,,kg,,,,,,
silk-green-occasional-wear-mirror-work-readymade-patiyala-suit,,,,,,,,,Green,,L,,,,,shopify,5,deny,manual,85.99,122.97,TRUE,TRUE,,,,,,,,,kg,,,,,,
silk-green-occasional-wear-mirror-work-readymade-patiyala-suit,,,,,,,,,Green,,XL,,,,,shopify,5,deny,manual,85.99,122.97,TRUE,TRUE,,,,,,,,,kg,,,,,,
silk-green-occasional-wear-mirror-work-readymade-patiyala-suit,,,,,,,,,Green,,XXL,,,,,shopify,5,deny,manual,85.99,122.97,TRUE,TRUE,,,,,,,,,kg,,,,,,
silk-maroon-occasional-wear-mirror-work-readymade-patiyala-suit,Silk Maroon Occasional Wear Mirror Work Readymade Patiala Suit,,LuxeMia,,Salwar Kameez,"ethnic-suit, free-shipping, indian-ethnic-wear, indian-suit, luxemia, maroon, mirror-work, occasional-wear, palazzo-suit, salwar-kameez, salwar-suit, silk",TRUE,Color,Maroon,Size,Free Size,,,,,shopify,10,deny,manual,85.99,122.97,TRUE,TRUE,,,,,FALSE,Silk Maroon Occasional Wear Mirror Work Readymade Patiala...,Shop this Maroon Silk salwar kameez for occasional wear. Free shipping worldwide. Shop Indian ethnic wear at LuxeMia.Shop.,,kg,,,,,,active
silk-maroon-occasional-wear-mirror-work-readymade-patiyala-suit,,,,,,,,,Maroon,,XS,,,,,shopify,5,deny,manual,85.99,122.97,TRUE,TRUE,,,,,,,,,kg,,,,,,
silk-maroon-occasional-wear-mirror-work-readymade-patiyala-suit,,,,,,,,,Maroon,,S,,,,,shopify,5,deny,manual,85.99,122.97,TRUE,TRUE,,,,,,,,,kg,,,,,,
silk-maroon-occasional-wear-mirror-work-readymade-patiyala-suit,,,,,,,,,Maroon,,M,,,,,shopify,5,deny,manual,85.99,122.97,TRUE,TRUE,,,,,,,,,kg,,,,,,
silk-maroon-occasional-wear-mirror-work-readymade-patiyala-suit,,,,,,,,,Maroon,,L,,,,,shopify,5,deny,manual,85.99,122.97,TRUE,TRUE,,,,,,,,,kg,,,,,,
silk-maroon-occasional-wear-mirror-work-readymade-patiyala-suit,,,,,,,,,Maroon,,XL,,,,,shopify,5,deny,manual,85.99,122.97,TRUE,TRUE,,,,,,,,,kg,,,,,,
silk-maroon-occasional-wear-mirror-work-readymade-patiyala-suit,,,,,,,,,Maroon,,XXL,,,,,shopify,5,deny,manual,85.99,122.97,TRUE,TRUE,,,,,,,,,kg,,,,,,
silk-rani-pink-occasional-wear-mirror-work-readymade-patiyala-suit,Silk Rani Pink Occasional Wear Mirror Work Readymade Patiala Suit,,LuxeMia,,Salwar Kameez,"ethnic-suit, free-shipping, indian-ethnic-wear, indian-suit, luxemia, mirror-work, occasional-wear, palazzo-suit, rani-pink, salwar-kameez, salwar-suit, silk",TRUE,Color,Rani,Size,Free Size,,,,,shopify,10,deny,manual,85.99,122.97,TRUE,TRUE,,,,,FALSE,Silk Rani Pink Occasional Wear Mirror Work Readymade Pati...,Shop this Rani Pink Silk salwar kameez for occasional wear. Free shipping worldwide. Shop Indian ethnic wear at LuxeMia.Shop.,,kg,,,,,,active
silk-rani-pink-occasional-wear-mirror-work-readymade-patiyala-suit,,,,,,,,,Rani,,XS,,,,,shopify,5,deny,manual,85.99,122.97,TRUE,TRUE,,,,,,,,,kg,,,,,,
silk-rani-pink-occasional-wear-mirror-work-readymade-patiyala-suit,,,,,,,,,Rani,,S,,,,,shopify,5,deny,manual,85.99,122.97,TRUE,TRUE,,,,,,,,,kg,,,,,,
silk-rani-pink-occasional-wear-mirror-work-readymade-patiyala-suit,,,,,,,,,Rani,,M,,,,,shopify,5,deny,manual,85.99,122.97,TRUE,TRUE,,,,,,,,,kg,,,,,,
silk-rani-pink-occasional-wear-mirror-work-readymade-patiyala-suit,,,,,,,,,Rani,,L,,,,,shopify,5,deny,manual,85.99,122.97,TRUE,TRUE,,,,,,,,,kg,,,,,,
silk-rani-pink-occasional-wear-mirror-work-readymade-patiyala-suit,,,,,,,,,Rani,,XL,,,,,shopify,5,deny,manual,85.99,122.97,TRUE,TRUE,,,,,,,,,kg,,,,,,
silk-rani-pink-occasional-wear-mirror-work-readymade-patiyala-suit,,,,,,,,,Rani,,XXL,,,,,shopify,5,deny,manual,85.99,122.97,TRUE,TRUE,,,,,,,,,kg,,,,,,
silk-purple-occasional-wear-mirror-work-readymade-patiyala-suit,Silk Purple Occasional Wear Mirror Work Readymade Patiala Suit,,LuxeMia,,Salwar Kameez,"ethnic-suit, free-shipping, indian-ethnic-wear, indian-suit, luxemia, mirror-work, occasional-wear, palazzo-suit, purple, salwar-kameez, salwar-suit, silk",TRUE,Color,Purple,Size,Free Size,,,,,shopify,10,deny,manual,85.99,122.97,TRUE,TRUE,,,,,FALSE,Silk Purple Occasional Wear Mirror Work Readymade Patiala...,Shop this Purple Silk salwar kameez for occasional wear. Free shipping worldwide. Shop Indian ethnic wear at LuxeMia.Shop.,,kg,,,,,,active
silk-purple-occasional-wear-mirror-work-readymade-patiyala-suit,,,,,,,,,Purple,,XS,,,,,shopify,5,deny,manual,85.99,122.97,TRUE,TRUE,,,,,,,,,kg,,,,,,
silk-purple-occasional-wear-mirror-work-readymade-patiyala-suit,,,,,,,,,Purple,,S,,,,,shopify,5,deny,manual,85.99,122.97,TRUE,TRUE,,,,,,,,,kg,,,,,,
silk-purple-occasional-wear-mirror-work-readymade-patiyala-suit,,,,,,,,,Purple,,M,,,,,shopify,5,deny,manual,85.99,122.97,TRUE,TRUE,,,,,,,,,kg,,,,,,
silk-purple-occasional-wear-mirror-work-readymade-patiyala-suit,,,,,,,,,Purple,,L,,,,,shopify,5,deny,manual,85.99,122.97,TRUE,TRUE,,,,,,,,,kg,,,,,,
silk-purple-occasional-wear-mirror-work-readymade-patiyala-suit,,,,,,,,,Purple,,XL,,,,,shopify,5,deny,manual,85.99,122.97,TRUE,TRUE,,,,,,,,,kg,,,,,,
silk-purple-occasional-wear-mirror-work-readymade-patiyala-suit,,,,,,,,,Purple,,XXL,,,,,shopify,5,deny,manual,85.99,122.97,TRUE,TRUE,,,,,,,,,kg,,,,,,
