Image Filename,Original Location,Branding Detected Yes/No,Detection Method,Branding Area Coordinates,Safe To Auto-Clean Yes/No,Reason,Needs Manual Mask Yes/No
luxemia-pastel-pink-mirror-saree-gown-for-weddings-image-1.jpg,luxemia_supplier_REJECTED_BRANDED_IMAGES/luxemia-pastel-pink-mirror-saree-gown-for-weddings-image-1.jpg,Yes,top-right color logo heuristic,"842,20,463,265",No,Likely repeated LaPink mark in upper-right region; saturated logo pixels=30646. Warning: large mask area; inspect for garment/background distortion.,Yes
luxemia-pastel-pink-mirror-saree-gown-for-weddings-image-2.jpg,luxemia_supplier_REJECTED_BRANDED_IMAGES/luxemia-pastel-pink-mirror-saree-gown-for-weddings-image-2.jpg,Yes,top-right color logo heuristic,"842,20,463,265",No,Likely repeated LaPink mark in upper-right region; saturated logo pixels=44181. Warning: large mask area; inspect for garment/background distortion.,Yes
luxemia-pastel-pink-mirror-saree-gown-for-weddings-image-3.jpg,luxemia_supplier_REJECTED_BRANDED_IMAGES/luxemia-pastel-pink-mirror-saree-gown-for-weddings-image-3.jpg,Yes,top-right color logo heuristic,"875,20,423,265",No,Likely repeated LaPink mark in upper-right region; saturated logo pixels=22546. Warning: large mask area; inspect for garment/background distortion.,Yes
luxemia-pastel-pink-mirror-saree-gown-for-weddings-image-4.jpg,luxemia_supplier_REJECTED_BRANDED_IMAGES/luxemia-pastel-pink-mirror-saree-gown-for-weddings-image-4.jpg,Yes,top-right color logo heuristic,"842,20,463,265",No,Likely repeated LaPink mark in upper-right region; saturated logo pixels=78138. Warning: large mask area; inspect for garment/background distortion.,Yes
luxemia-golden-handwork-palazzo-set-for-festive-events-image-1.jpg,luxemia_supplier_REJECTED_BRANDED_IMAGES/luxemia-golden-handwork-palazzo-set-for-festive-events-image-1.jpg,Yes,top-right color logo heuristic,"967,66,279,125",Yes,Likely repeated LaPink mark in upper-right region; saturated logo pixels=7507.,No
luxemia-golden-handwork-palazzo-set-for-festive-events-image-2.jpg,luxemia_supplier_REJECTED_BRANDED_IMAGES/luxemia-golden-handwork-palazzo-set-for-festive-events-image-2.jpg,Yes,top-right color logo heuristic,"966,46,322,145",Yes,Likely repeated LaPink mark in upper-right region; saturated logo pixels=13275.,No
luxemia-golden-handwork-palazzo-set-for-festive-events-image-3.jpg,luxemia_supplier_REJECTED_BRANDED_IMAGES/luxemia-golden-handwork-palazzo-set-for-festive-events-image-3.jpg,Yes,top-right color logo heuristic,"966,45,322,146",Yes,Likely repeated LaPink mark in upper-right region; saturated logo pixels=13557.,No
luxemia-golden-handwork-palazzo-set-for-festive-events-image-4.jpg,luxemia_supplier_REJECTED_BRANDED_IMAGES/luxemia-golden-handwork-palazzo-set-for-festive-events-image-4.jpg,Yes,top-right color logo heuristic,"967,66,279,125",Yes,Likely repeated LaPink mark in upper-right region; saturated logo pixels=7284.,No
luxemia-sky-blue-peach-beaded-palazzo-set-for-festive-events-image-1.jpg,luxemia_supplier_REJECTED_BRANDED_IMAGES/luxemia-sky-blue-peach-beaded-palazzo-set-for-festive-events-image-1.jpg,Yes,top-right color logo heuristic,"884,20,421,265",No,Likely repeated LaPink mark in upper-right region; saturated logo pixels=42494. Warning: large mask area; inspect for garment/background distortion.,Yes
luxemia-sky-blue-peach-beaded-palazzo-set-for-festive-events-image-2.jpg,luxemia_supplier_REJECTED_BRANDED_IMAGES/luxemia-sky-blue-peach-beaded-palazzo-set-for-festive-events-image-2.jpg,Yes,top-right color logo heuristic,"910,20,395,265",No,Likely repeated LaPink mark in upper-right region; saturated logo pixels=9993. Warning: large mask area; inspect for garment/background distortion.,Yes
luxemia-sky-blue-peach-beaded-palazzo-set-for-festive-events-image-3.jpg,luxemia_supplier_REJECTED_BRANDED_IMAGES/luxemia-sky-blue-peach-beaded-palazzo-set-for-festive-events-image-3.jpg,Yes,fallback top-right LaPink mask,"913,69,359,178",Yes,Likely repeated LaPink mark in upper-right region; saturated logo pixels=0.,Yes
luxemia-green-mirror-pre-draped-saree-with-blouse-for-weddings-image-1.jpg,luxemia_supplier_REJECTED_BRANDED_IMAGES/luxemia-green-mirror-pre-draped-saree-with-blouse-for-weddings-image-1.jpg,Yes,top-right color logo heuristic,"965,62,282,132",Yes,Likely repeated LaPink mark in upper-right region; saturated logo pixels=8731.,No
luxemia-green-mirror-pre-draped-saree-with-blouse-for-weddings-image-2.jpg,luxemia_supplier_REJECTED_BRANDED_IMAGES/luxemia-green-mirror-pre-draped-saree-with-blouse-for-weddings-image-2.jpg,Yes,top-right color logo heuristic,"965,63,283,129",Yes,Likely repeated LaPink mark in upper-right region; saturated logo pixels=8819.,No
luxemia-green-mirror-pre-draped-saree-with-blouse-for-weddings-image-3.jpg,luxemia_supplier_REJECTED_BRANDED_IMAGES/luxemia-green-mirror-pre-draped-saree-with-blouse-for-weddings-image-3.jpg,Yes,top-right color logo heuristic,"842,45,441,192",Yes,Likely repeated LaPink mark in upper-right region; saturated logo pixels=9953.,No
luxemia-green-mirror-pre-draped-saree-with-blouse-for-weddings-image-4.jpg,luxemia_supplier_REJECTED_BRANDED_IMAGES/luxemia-green-mirror-pre-draped-saree-with-blouse-for-weddings-image-4.jpg,Yes,top-right color logo heuristic,"975,20,330,168",Yes,Likely repeated LaPink mark in upper-right region; saturated logo pixels=10937.,No
luxemia-brown-pink-mint-green-beaded-skirt-set-for-festive-events-image-1.jpg,luxemia_supplier_REJECTED_BRANDED_IMAGES/luxemia-brown-pink-mint-green-beaded-skirt-set-for-festive-events-image-1.jpg,Yes,top-right color logo heuristic,"861,20,428,265",No,Likely repeated LaPink mark in upper-right region; saturated logo pixels=21447. Warning: large mask area; inspect for garment/background distortion.,Yes
luxemia-brown-pink-mint-green-beaded-skirt-set-for-festive-events-image-2.jpg,luxemia_supplier_REJECTED_BRANDED_IMAGES/luxemia-brown-pink-mint-green-beaded-skirt-set-for-festive-events-image-2.jpg,Yes,top-right color logo heuristic,"906,20,322,248",Yes,Likely repeated LaPink mark in upper-right region; saturated logo pixels=22674.,No
luxemia-brown-pink-mint-green-beaded-skirt-set-for-festive-events-image-3.jpg,luxemia_supplier_REJECTED_BRANDED_IMAGES/luxemia-brown-pink-mint-green-beaded-skirt-set-for-festive-events-image-3.jpg,Yes,top-right color logo heuristic,"850,20,455,265",No,Likely repeated LaPink mark in upper-right region; saturated logo pixels=28843. Warning: large mask area; inspect for garment/background distortion.,Yes
luxemia-brown-pink-mint-green-beaded-skirt-set-for-festive-events-image-4.jpg,luxemia_supplier_REJECTED_BRANDED_IMAGES/luxemia-brown-pink-mint-green-beaded-skirt-set-for-festive-events-image-4.jpg,Yes,top-right color logo heuristic,"842,20,463,265",No,Likely repeated LaPink mark in upper-right region; saturated logo pixels=52187. Warning: large mask area; inspect for garment/background distortion.,Yes
luxemia-yellow-moti-suit-set-for-festive-events-image-1.jpg,luxemia_supplier_REJECTED_BRANDED_IMAGES/luxemia-yellow-moti-suit-set-for-festive-events-image-1.jpg,Yes,top-right color logo heuristic,"842,36,463,249",No,Likely repeated LaPink mark in upper-right region; saturated logo pixels=16956. Warning: large mask area; inspect for garment/background distortion.,Yes
luxemia-yellow-moti-suit-set-for-festive-events-image-2.jpg,luxemia_supplier_REJECTED_BRANDED_IMAGES/luxemia-yellow-moti-suit-set-for-festive-events-image-2.jpg,Yes,top-right color logo heuristic,"842,20,463,265",No,Likely repeated LaPink mark in upper-right region; saturated logo pixels=67456. Warning: large mask area; inspect for garment/background distortion.,Yes
luxemia-yellow-moti-suit-set-for-festive-events-image-3.jpg,luxemia_supplier_REJECTED_BRANDED_IMAGES/luxemia-yellow-moti-suit-set-for-festive-events-image-3.jpg,Yes,top-right color logo heuristic,"842,23,463,262",No,Likely repeated LaPink mark in upper-right region; saturated logo pixels=21143. Warning: large mask area; inspect for garment/background distortion.,Yes
luxemia-yellow-moti-suit-set-for-festive-events-image-4.jpg,luxemia_supplier_REJECTED_BRANDED_IMAGES/luxemia-yellow-moti-suit-set-for-festive-events-image-4.jpg,Yes,top-right color logo heuristic,"842,20,463,265",No,Likely repeated LaPink mark in upper-right region; saturated logo pixels=32973. Warning: large mask area; inspect for garment/background distortion.,Yes
luxemia-pink-mirror-palazzo-set-for-festive-events-image-1.jpg,luxemia_supplier_REJECTED_BRANDED_IMAGES/luxemia-pink-mirror-palazzo-set-for-festive-events-image-1.jpg,Yes,top-right color logo heuristic,"842,20,463,265",No,Likely repeated LaPink mark in upper-right region; saturated logo pixels=19547. Warning: large mask area; inspect for garment/background distortion.,Yes
luxemia-pink-mirror-palazzo-set-for-festive-events-image-2.jpg,luxemia_supplier_REJECTED_BRANDED_IMAGES/luxemia-pink-mirror-palazzo-set-for-festive-events-image-2.jpg,Yes,top-right color logo heuristic,"842,24,463,261",No,Likely repeated LaPink mark in upper-right region; saturated logo pixels=11972. Warning: large mask area; inspect for garment/background distortion.,Yes
luxemia-pink-mirror-palazzo-set-for-festive-events-image-3.jpg,luxemia_supplier_REJECTED_BRANDED_IMAGES/luxemia-pink-mirror-palazzo-set-for-festive-events-image-3.jpg,Yes,top-right color logo heuristic,"842,45,463,240",No,Likely repeated LaPink mark in upper-right region; saturated logo pixels=13010. Warning: large mask area; inspect for garment/background distortion.,Yes
luxemia-pink-mirror-palazzo-set-for-festive-events-image-4.jpg,luxemia_supplier_REJECTED_BRANDED_IMAGES/luxemia-pink-mirror-palazzo-set-for-festive-events-image-4.jpg,Yes,top-right color logo heuristic,"842,20,463,265",No,Likely repeated LaPink mark in upper-right region; saturated logo pixels=15732. Warning: large mask area; inspect for garment/background distortion.,Yes
luxemia-grey-moti-sharara-suit-for-festive-events-image-1.jpg,luxemia_supplier_REJECTED_BRANDED_IMAGES/luxemia-grey-moti-sharara-suit-for-festive-events-image-1.jpg,Yes,fallback top-right LaPink mask,"913,69,359,178",Yes,Likely repeated LaPink mark in upper-right region; saturated logo pixels=15.,Yes
luxemia-grey-moti-sharara-suit-for-festive-events-image-2.jpg,luxemia_supplier_REJECTED_BRANDED_IMAGES/luxemia-grey-moti-sharara-suit-for-festive-events-image-2.jpg,Yes,top-right color logo heuristic,"843,20,462,265",No,Likely repeated LaPink mark in upper-right region; saturated logo pixels=7627. Warning: large mask area; inspect for garment/background distortion.,Yes
luxemia-grey-moti-sharara-suit-for-festive-events-image-3.jpg,luxemia_supplier_REJECTED_BRANDED_IMAGES/luxemia-grey-moti-sharara-suit-for-festive-events-image-3.jpg,Yes,fallback top-right LaPink mask,"913,69,359,178",Yes,Likely repeated LaPink mark in upper-right region; saturated logo pixels=4.,Yes
luxemia-purple-mirror-anarkali-suit-for-festive-events-image-1.jpg,luxemia_supplier_REJECTED_BRANDED_IMAGES/luxemia-purple-mirror-anarkali-suit-for-festive-events-image-1.jpg,Yes,top-right color logo heuristic,"842,20,439,217",No,Likely repeated LaPink mark in upper-right region; saturated logo pixels=13334. Warning: large mask area; inspect for garment/background distortion.,Yes
luxemia-purple-mirror-anarkali-suit-for-festive-events-image-2.jpg,luxemia_supplier_REJECTED_BRANDED_IMAGES/luxemia-purple-mirror-anarkali-suit-for-festive-events-image-2.jpg,Yes,top-right color logo heuristic,"842,23,392,245",No,Likely repeated LaPink mark in upper-right region; saturated logo pixels=8399. Warning: large mask area; inspect for garment/background distortion.,Yes
luxemia-purple-mirror-anarkali-suit-for-festive-events-image-3.jpg,luxemia_supplier_REJECTED_BRANDED_IMAGES/luxemia-purple-mirror-anarkali-suit-for-festive-events-image-3.jpg,Yes,top-right color logo heuristic,"842,20,424,265",No,Likely repeated LaPink mark in upper-right region; saturated logo pixels=45626. Warning: large mask area; inspect for garment/background distortion.,Yes
luxemia-yellow-stone-palazzo-set-for-festive-events-image-1.jpg,luxemia_supplier_REJECTED_BRANDED_IMAGES/luxemia-yellow-stone-palazzo-set-for-festive-events-image-1.jpg,Yes,top-right color logo heuristic,"922,62,284,129",Yes,Likely repeated LaPink mark in upper-right region; saturated logo pixels=8139.,No
luxemia-yellow-stone-palazzo-set-for-festive-events-image-2.jpg,luxemia_supplier_REJECTED_BRANDED_IMAGES/luxemia-yellow-stone-palazzo-set-for-festive-events-image-2.jpg,Yes,top-right color logo heuristic,"896,62,310,223",Yes,Likely repeated LaPink mark in upper-right region; saturated logo pixels=9397.,No
luxemia-yellow-stone-palazzo-set-for-festive-events-image-3.jpg,luxemia_supplier_REJECTED_BRANDED_IMAGES/luxemia-yellow-stone-palazzo-set-for-festive-events-image-3.jpg,Yes,top-right color logo heuristic,"842,44,447,241",No,Likely repeated LaPink mark in upper-right region; saturated logo pixels=14690. Warning: large mask area; inspect for garment/background distortion.,Yes
luxemia-yellow-stone-palazzo-set-for-festive-events-image-4.jpg,luxemia_supplier_REJECTED_BRANDED_IMAGES/luxemia-yellow-stone-palazzo-set-for-festive-events-image-4.jpg,Yes,top-right color logo heuristic,"842,44,447,241",No,Likely repeated LaPink mark in upper-right region; saturated logo pixels=10209. Warning: large mask area; inspect for garment/background distortion.,Yes
luxemia-rust-handwork-anarkali-suit-for-festive-events-image-1.jpg,luxemia_supplier_REJECTED_BRANDED_IMAGES/luxemia-rust-handwork-anarkali-suit-for-festive-events-image-1.jpg,Yes,top-right color logo heuristic,"924,63,279,128",Yes,Likely repeated LaPink mark in upper-right region; saturated logo pixels=7878.,No
luxemia-rust-handwork-anarkali-suit-for-festive-events-image-2.jpg,luxemia_supplier_REJECTED_BRANDED_IMAGES/luxemia-rust-handwork-anarkali-suit-for-festive-events-image-2.jpg,Yes,top-right color logo heuristic,"842,63,364,222",Yes,Likely repeated LaPink mark in upper-right region; saturated logo pixels=12866.,No
luxemia-rust-handwork-anarkali-suit-for-festive-events-image-3.jpg,luxemia_supplier_REJECTED_BRANDED_IMAGES/luxemia-rust-handwork-anarkali-suit-for-festive-events-image-3.jpg,Yes,top-right color logo heuristic,"922,66,284,125",Yes,Likely repeated LaPink mark in upper-right region; saturated logo pixels=7971.,No
luxemia-rust-handwork-anarkali-suit-for-festive-events-image-4.jpg,luxemia_supplier_REJECTED_BRANDED_IMAGES/luxemia-rust-handwork-anarkali-suit-for-festive-events-image-4.jpg,Yes,top-right color logo heuristic,"923,64,281,127",Yes,Likely repeated LaPink mark in upper-right region; saturated logo pixels=7823.,No
luxemia-pink-sequined-gown-for-festive-events-image-1.jpg,luxemia_supplier_REJECTED_BRANDED_IMAGES/luxemia-pink-sequined-gown-for-festive-events-image-1.jpg,Yes,top-right color logo heuristic,"924,20,381,171",Yes,Likely repeated LaPink mark in upper-right region; saturated logo pixels=7666.,No
luxemia-pink-sequined-gown-for-festive-events-image-2.jpg,luxemia_supplier_REJECTED_BRANDED_IMAGES/luxemia-pink-sequined-gown-for-festive-events-image-2.jpg,Yes,top-right color logo heuristic,"924,66,279,125",Yes,Likely repeated LaPink mark in upper-right region; saturated logo pixels=7663.,No
luxemia-pink-sequined-gown-for-festive-events-image-3.jpg,luxemia_supplier_REJECTED_BRANDED_IMAGES/luxemia-pink-sequined-gown-for-festive-events-image-3.jpg,Yes,top-right color logo heuristic,"924,66,279,125",Yes,Likely repeated LaPink mark in upper-right region; saturated logo pixels=7484.,No
luxemia-wine-beaded-pre-draped-saree-with-blouse-for-weddings-image-1.jpg,luxemia_supplier_REJECTED_BRANDED_IMAGES/luxemia-wine-beaded-pre-draped-saree-with-blouse-for-weddings-image-1.jpg,Yes,top-right color logo heuristic,"842,20,463,265",No,Likely repeated LaPink mark in upper-right region; saturated logo pixels=78883. Warning: large mask area; inspect for garment/background distortion.,Yes
luxemia-wine-beaded-pre-draped-saree-with-blouse-for-weddings-image-2.jpg,luxemia_supplier_REJECTED_BRANDED_IMAGES/luxemia-wine-beaded-pre-draped-saree-with-blouse-for-weddings-image-2.jpg,Yes,top-right color logo heuristic,"842,20,463,265",No,Likely repeated LaPink mark in upper-right region; saturated logo pixels=79662. Warning: large mask area; inspect for garment/background distortion.,Yes
luxemia-wine-beaded-pre-draped-saree-with-blouse-for-weddings-image-3.jpg,luxemia_supplier_REJECTED_BRANDED_IMAGES/luxemia-wine-beaded-pre-draped-saree-with-blouse-for-weddings-image-3.jpg,Yes,top-right color logo heuristic,"842,20,463,170",Yes,Likely repeated LaPink mark in upper-right region; saturated logo pixels=36027.,No
luxemia-wine-beaded-pre-draped-saree-with-blouse-for-weddings-image-4.jpg,luxemia_supplier_REJECTED_BRANDED_IMAGES/luxemia-wine-beaded-pre-draped-saree-with-blouse-for-weddings-image-4.jpg,Yes,top-right color logo heuristic,"885,20,319,265",Yes,Likely repeated LaPink mark in upper-right region; saturated logo pixels=13059.,No
luxemia-green-mirror-pre-draped-saree-with-blouse-for-receptions-image-1.jpg,luxemia_supplier_REJECTED_BRANDED_IMAGES/luxemia-green-mirror-pre-draped-saree-with-blouse-for-receptions-image-1.jpg,Yes,top-right color logo heuristic,"964,30,333,255",Yes,Likely repeated LaPink mark in upper-right region; saturated logo pixels=134.,No
luxemia-green-mirror-pre-draped-saree-with-blouse-for-receptions-image-2.jpg,luxemia_supplier_REJECTED_BRANDED_IMAGES/luxemia-green-mirror-pre-draped-saree-with-blouse-for-receptions-image-2.jpg,Yes,top-right color logo heuristic,"842,20,401,265",No,Likely repeated LaPink mark in upper-right region; saturated logo pixels=2074. Warning: large mask area; inspect for garment/background distortion.,Yes
luxemia-green-mirror-pre-draped-saree-with-blouse-for-receptions-image-3.jpg,luxemia_supplier_REJECTED_BRANDED_IMAGES/luxemia-green-mirror-pre-draped-saree-with-blouse-for-receptions-image-3.jpg,Yes,top-right color logo heuristic,"1232,73,73,170",Yes,Likely repeated LaPink mark in upper-right region; saturated logo pixels=135.,No
luxemia-green-mirror-pre-draped-saree-with-blouse-for-receptions-image-4.jpg,luxemia_supplier_REJECTED_BRANDED_IMAGES/luxemia-green-mirror-pre-draped-saree-with-blouse-for-receptions-image-4.jpg,Yes,top-right color logo heuristic,"842,42,463,243",No,Likely repeated LaPink mark in upper-right region; saturated logo pixels=11676. Warning: large mask area; inspect for garment/background distortion.,Yes
luxemia-green-mirror-pre-draped-saree-with-blouse-for-receptions-image-5.jpg,luxemia_supplier_REJECTED_BRANDED_IMAGES/luxemia-green-mirror-pre-draped-saree-with-blouse-for-receptions-image-5.jpg,Yes,top-right color logo heuristic,"842,91,463,182",Yes,Likely repeated LaPink mark in upper-right region; saturated logo pixels=549.,No
luxemia-pink-beaded-pre-draped-saree-with-blouse-for-weddings-image-1.jpg,luxemia_supplier_REJECTED_BRANDED_IMAGES/luxemia-pink-beaded-pre-draped-saree-with-blouse-for-weddings-image-1.jpg,Yes,top-right color logo heuristic,"842,20,463,265",No,Likely repeated LaPink mark in upper-right region; saturated logo pixels=70324. Warning: large mask area; inspect for garment/background distortion.,Yes
luxemia-pink-beaded-pre-draped-saree-with-blouse-for-weddings-image-2.jpg,luxemia_supplier_REJECTED_BRANDED_IMAGES/luxemia-pink-beaded-pre-draped-saree-with-blouse-for-weddings-image-2.jpg,Yes,top-right color logo heuristic,"842,20,458,265",No,Likely repeated LaPink mark in upper-right region; saturated logo pixels=62010. Warning: large mask area; inspect for garment/background distortion.,Yes
luxemia-pink-beaded-pre-draped-saree-with-blouse-for-weddings-image-3.jpg,luxemia_supplier_REJECTED_BRANDED_IMAGES/luxemia-pink-beaded-pre-draped-saree-with-blouse-for-weddings-image-3.jpg,Yes,top-right color logo heuristic,"842,20,463,265",No,Likely repeated LaPink mark in upper-right region; saturated logo pixels=84466. Warning: large mask area; inspect for garment/background distortion.,Yes
luxemia-pink-beaded-pre-draped-saree-with-blouse-for-weddings-image-4.jpg,luxemia_supplier_REJECTED_BRANDED_IMAGES/luxemia-pink-beaded-pre-draped-saree-with-blouse-for-weddings-image-4.jpg,Yes,top-right color logo heuristic,"842,20,463,265",No,Likely repeated LaPink mark in upper-right region; saturated logo pixels=79568. Warning: large mask area; inspect for garment/background distortion.,Yes
luxemia-cream-beaded-pre-draped-saree-with-blouse-for-weddings-image-1.jpg,luxemia_supplier_REJECTED_BRANDED_IMAGES/luxemia-cream-beaded-pre-draped-saree-with-blouse-for-weddings-image-1.jpg,Yes,top-right color logo heuristic,"842,20,463,265",No,Likely repeated LaPink mark in upper-right region; saturated logo pixels=46467. Warning: large mask area; inspect for garment/background distortion.,Yes
luxemia-cream-beaded-pre-draped-saree-with-blouse-for-weddings-image-2.jpg,luxemia_supplier_REJECTED_BRANDED_IMAGES/luxemia-cream-beaded-pre-draped-saree-with-blouse-for-weddings-image-2.jpg,Yes,top-right color logo heuristic,"842,20,463,265",No,Likely repeated LaPink mark in upper-right region; saturated logo pixels=82255. Warning: large mask area; inspect for garment/background distortion.,Yes
luxemia-cream-beaded-skirt-set-for-festive-events-image-4.jpg,luxemia_supplier_REJECTED_BRANDED_IMAGES/luxemia-cream-beaded-skirt-set-for-festive-events-image-4.jpg,Yes,top-right color logo heuristic,"842,20,463,265",No,Likely repeated LaPink mark in upper-right region; saturated logo pixels=52351. Warning: large mask area; inspect for garment/background distortion.,Yes
luxemia-pink-beaded-skirt-set-for-festive-events-image-1.jpg,luxemia_supplier_REJECTED_BRANDED_IMAGES/luxemia-pink-beaded-skirt-set-for-festive-events-image-1.jpg,Yes,fallback top-right LaPink mask,"913,69,359,178",Yes,Likely repeated LaPink mark in upper-right region; saturated logo pixels=0.,Yes
luxemia-pink-beaded-skirt-set-for-festive-events-image-2.jpg,luxemia_supplier_REJECTED_BRANDED_IMAGES/luxemia-pink-beaded-skirt-set-for-festive-events-image-2.jpg,Yes,fallback top-right LaPink mask,"913,69,359,178",Yes,Likely repeated LaPink mark in upper-right region; saturated logo pixels=0.,Yes
luxemia-pink-beaded-skirt-set-for-festive-events-image-3.jpg,luxemia_supplier_REJECTED_BRANDED_IMAGES/luxemia-pink-beaded-skirt-set-for-festive-events-image-3.jpg,Yes,fallback top-right LaPink mask,"913,69,359,178",Yes,Likely repeated LaPink mark in upper-right region; saturated logo pixels=6.,Yes
luxemia-champagne-beaded-lehenga-choli-with-dupatta-for-weddings-image-1.jpg,luxemia_supplier_REJECTED_BRANDED_IMAGES/luxemia-champagne-beaded-lehenga-choli-with-dupatta-for-weddings-image-1.jpg,Yes,top-right color logo heuristic,"842,20,463,265",No,Likely repeated LaPink mark in upper-right region; saturated logo pixels=13207. Warning: large mask area; inspect for garment/background distortion.,Yes
luxemia-champagne-beaded-lehenga-choli-with-dupatta-for-weddings-image-2.jpg,luxemia_supplier_REJECTED_BRANDED_IMAGES/luxemia-champagne-beaded-lehenga-choli-with-dupatta-for-weddings-image-2.jpg,Yes,top-right color logo heuristic,"842,20,463,265",No,Likely repeated LaPink mark in upper-right region; saturated logo pixels=31556. Warning: large mask area; inspect for garment/background distortion.,Yes
luxemia-champagne-beaded-lehenga-choli-with-dupatta-for-weddings-image-3.jpg,luxemia_supplier_REJECTED_BRANDED_IMAGES/luxemia-champagne-beaded-lehenga-choli-with-dupatta-for-weddings-image-3.jpg,Yes,top-right color logo heuristic,"851,51,405,234",No,Likely repeated LaPink mark in upper-right region; saturated logo pixels=1272. Warning: large mask area; inspect for garment/background distortion.,Yes
luxemia-champagne-beaded-lehenga-choli-with-dupatta-for-weddings-image-4.jpg,luxemia_supplier_REJECTED_BRANDED_IMAGES/luxemia-champagne-beaded-lehenga-choli-with-dupatta-for-weddings-image-4.jpg,Yes,top-right color logo heuristic,"924,20,381,265",No,Likely repeated LaPink mark in upper-right region; saturated logo pixels=21787. Warning: large mask area; inspect for garment/background distortion.,Yes
luxemia-orange-mirror-pre-draped-saree-with-blouse-for-weddings-image-1.jpg,luxemia_supplier_REJECTED_BRANDED_IMAGES/luxemia-orange-mirror-pre-draped-saree-with-blouse-for-weddings-image-1.jpg,Yes,top-right color logo heuristic,"842,20,463,265",No,Likely repeated LaPink mark in upper-right region; saturated logo pixels=80292. Warning: large mask area; inspect for garment/background distortion.,Yes
luxemia-orange-mirror-pre-draped-saree-with-blouse-for-weddings-image-2.jpg,luxemia_supplier_REJECTED_BRANDED_IMAGES/luxemia-orange-mirror-pre-draped-saree-with-blouse-for-weddings-image-2.jpg,Yes,top-right color logo heuristic,"842,20,304,265",Yes,Likely repeated LaPink mark in upper-right region; saturated logo pixels=30024.,No
luxemia-orange-mirror-pre-draped-saree-with-blouse-for-weddings-image-3.jpg,luxemia_supplier_REJECTED_BRANDED_IMAGES/luxemia-orange-mirror-pre-draped-saree-with-blouse-for-weddings-image-3.jpg,Yes,top-right color logo heuristic,"842,20,365,265",No,Likely repeated LaPink mark in upper-right region; saturated logo pixels=31971. Warning: large mask area; inspect for garment/background distortion.,Yes
luxemia-orange-mirror-pre-draped-saree-with-blouse-for-weddings-image-4.jpg,luxemia_supplier_REJECTED_BRANDED_IMAGES/luxemia-orange-mirror-pre-draped-saree-with-blouse-for-weddings-image-4.jpg,Yes,top-right color logo heuristic,"842,20,375,265",No,Likely repeated LaPink mark in upper-right region; saturated logo pixels=55587. Warning: large mask area; inspect for garment/background distortion.,Yes
luxemia-turquoise-mirror-pre-draped-saree-with-blouse-for-weddings-image-1.jpg,luxemia_supplier_REJECTED_BRANDED_IMAGES/luxemia-turquoise-mirror-pre-draped-saree-with-blouse-for-weddings-image-1.jpg,Yes,top-right color logo heuristic,"842,20,463,265",No,Likely repeated LaPink mark in upper-right region; saturated logo pixels=91024. Warning: large mask area; inspect for garment/background distortion.,Yes
luxemia-turquoise-mirror-pre-draped-saree-with-blouse-for-weddings-image-2.jpg,luxemia_supplier_REJECTED_BRANDED_IMAGES/luxemia-turquoise-mirror-pre-draped-saree-with-blouse-for-weddings-image-2.jpg,Yes,top-right color logo heuristic,"877,20,428,265",No,Likely repeated LaPink mark in upper-right region; saturated logo pixels=80616. Warning: large mask area; inspect for garment/background distortion.,Yes
luxemia-wine-mirror-pre-draped-saree-with-blouse-for-weddings-image-1.jpg,luxemia_supplier_REJECTED_BRANDED_IMAGES/luxemia-wine-mirror-pre-draped-saree-with-blouse-for-weddings-image-1.jpg,Yes,top-right color logo heuristic,"842,20,463,265",No,Likely repeated LaPink mark in upper-right region; saturated logo pixels=91621. Warning: large mask area; inspect for garment/background distortion.,Yes
luxemia-wine-mirror-pre-draped-saree-with-blouse-for-weddings-image-2.jpg,luxemia_supplier_REJECTED_BRANDED_IMAGES/luxemia-wine-mirror-pre-draped-saree-with-blouse-for-weddings-image-2.jpg,Yes,top-right color logo heuristic,"901,20,404,265",No,Likely repeated LaPink mark in upper-right region; saturated logo pixels=82168. Warning: large mask area; inspect for garment/background distortion.,Yes
luxemia-pink-embroidered-lehenga-choli-with-dupatta-for-weddings-image-1.jpg,luxemia_supplier_REJECTED_BRANDED_IMAGES/luxemia-pink-embroidered-lehenga-choli-with-dupatta-for-weddings-image-1.jpg,Yes,top-right color logo heuristic,"842,20,463,265",No,Likely repeated LaPink mark in upper-right region; saturated logo pixels=45076. Warning: large mask area; inspect for garment/background distortion.,Yes
luxemia-pink-embroidered-lehenga-choli-with-dupatta-for-weddings-image-2.jpg,luxemia_supplier_REJECTED_BRANDED_IMAGES/luxemia-pink-embroidered-lehenga-choli-with-dupatta-for-weddings-image-2.jpg,Yes,top-right color logo heuristic,"842,20,463,265",No,Likely repeated LaPink mark in upper-right region; saturated logo pixels=51969. Warning: large mask area; inspect for garment/background distortion.,Yes
luxemia-pink-embroidered-lehenga-choli-with-dupatta-for-weddings-image-3.jpg,luxemia_supplier_REJECTED_BRANDED_IMAGES/luxemia-pink-embroidered-lehenga-choli-with-dupatta-for-weddings-image-3.jpg,Yes,top-right color logo heuristic,"842,20,463,265",No,Likely repeated LaPink mark in upper-right region; saturated logo pixels=44107. Warning: large mask area; inspect for garment/background distortion.,Yes
luxemia-pink-embroidered-lehenga-choli-with-dupatta-for-weddings-image-4.jpg,luxemia_supplier_REJECTED_BRANDED_IMAGES/luxemia-pink-embroidered-lehenga-choli-with-dupatta-for-weddings-image-4.jpg,Yes,top-right color logo heuristic,"842,20,463,265",No,Likely repeated LaPink mark in upper-right region; saturated logo pixels=57595. Warning: large mask area; inspect for garment/background distortion.,Yes
luxemia-pink-embroidered-lehenga-choli-with-dupatta-for-weddings-image-5.jpg,luxemia_supplier_REJECTED_BRANDED_IMAGES/luxemia-pink-embroidered-lehenga-choli-with-dupatta-for-weddings-image-5.jpg,Yes,top-right color logo heuristic,"861,20,344,148",Yes,Likely repeated LaPink mark in upper-right region; saturated logo pixels=13063.,No
luxemia-pistachio-embroidered-lehenga-choli-with-dupatta-for-weddings-image-1.jpg,luxemia_supplier_REJECTED_BRANDED_IMAGES/luxemia-pistachio-embroidered-lehenga-choli-with-dupatta-for-weddings-image-1.jpg,Yes,top-right color logo heuristic,"842,20,463,265",No,Likely repeated LaPink mark in upper-right region; saturated logo pixels=24645. Warning: large mask area; inspect for garment/background distortion.,Yes
luxemia-pistachio-embroidered-lehenga-choli-with-dupatta-for-weddings-image-2.jpg,luxemia_supplier_REJECTED_BRANDED_IMAGES/luxemia-pistachio-embroidered-lehenga-choli-with-dupatta-for-weddings-image-2.jpg,Yes,top-right color logo heuristic,"842,20,463,265",No,Likely repeated LaPink mark in upper-right region; saturated logo pixels=27338. Warning: large mask area; inspect for garment/background distortion.,Yes
luxemia-pistachio-rust-brown-mirror-palazzo-set-for-festive-events-image-1.jpg,luxemia_supplier_REJECTED_BRANDED_IMAGES/luxemia-pistachio-rust-brown-mirror-palazzo-set-for-festive-events-image-1.jpg,Yes,top-right color logo heuristic,"971,117,280,124",Yes,Likely repeated LaPink mark in upper-right region; saturated logo pixels=7378.,No
luxemia-pistachio-rust-brown-mirror-palazzo-set-for-festive-events-image-2.jpg,luxemia_supplier_REJECTED_BRANDED_IMAGES/luxemia-pistachio-rust-brown-mirror-palazzo-set-for-festive-events-image-2.jpg,Yes,top-right color logo heuristic,"971,117,280,123",Yes,Likely repeated LaPink mark in upper-right region; saturated logo pixels=7017.,No
luxemia-pistachio-rust-brown-mirror-palazzo-set-for-festive-events-image-3.jpg,luxemia_supplier_REJECTED_BRANDED_IMAGES/luxemia-pistachio-rust-brown-mirror-palazzo-set-for-festive-events-image-3.jpg,Yes,top-right color logo heuristic,"842,20,463,265",No,Likely repeated LaPink mark in upper-right region; saturated logo pixels=35224. Warning: large mask area; inspect for garment/background distortion.,Yes
luxemia-pistachio-rust-brown-mirror-palazzo-set-for-festive-events-image-4.jpg,luxemia_supplier_REJECTED_BRANDED_IMAGES/luxemia-pistachio-rust-brown-mirror-palazzo-set-for-festive-events-image-4.jpg,Yes,top-right color logo heuristic,"933,117,280,129",Yes,Likely repeated LaPink mark in upper-right region; saturated logo pixels=7271.,No
luxemia-green-stone-skirt-set-for-festive-events-image-2.jpg,luxemia_supplier_REJECTED_BRANDED_IMAGES/luxemia-green-stone-skirt-set-for-festive-events-image-2.jpg,Yes,top-right color logo heuristic,"842,63,457,222",No,Likely repeated LaPink mark in upper-right region; saturated logo pixels=8504. Warning: large mask area; inspect for garment/background distortion.,Yes
luxemia-blue-pistachio-peach-mirror-skirt-set-for-festive-events-image-1.jpg,luxemia_supplier_REJECTED_BRANDED_IMAGES/luxemia-blue-pistachio-peach-mirror-skirt-set-for-festive-events-image-1.jpg,Yes,top-right color logo heuristic,"842,20,463,265",No,Likely repeated LaPink mark in upper-right region; saturated logo pixels=100447. Warning: large mask area; inspect for garment/background distortion.,Yes
luxemia-blue-pistachio-peach-mirror-skirt-set-for-festive-events-image-2.jpg,luxemia_supplier_REJECTED_BRANDED_IMAGES/luxemia-blue-pistachio-peach-mirror-skirt-set-for-festive-events-image-2.jpg,Yes,top-right color logo heuristic,"842,20,463,265",No,Likely repeated LaPink mark in upper-right region; saturated logo pixels=55579. Warning: large mask area; inspect for garment/background distortion.,Yes
luxemia-blue-pistachio-peach-mirror-skirt-set-for-festive-events-image-3.jpg,luxemia_supplier_REJECTED_BRANDED_IMAGES/luxemia-blue-pistachio-peach-mirror-skirt-set-for-festive-events-image-3.jpg,Yes,top-right color logo heuristic,"842,20,463,265",No,Likely repeated LaPink mark in upper-right region; saturated logo pixels=86805. Warning: large mask area; inspect for garment/background distortion.,Yes
luxemia-orange-turquoise-rani-mirror-lehenga-choli-with-dupatta-for-weddings-image-1.jpg,luxemia_supplier_REJECTED_BRANDED_IMAGES/luxemia-orange-turquoise-rani-mirror-lehenga-choli-with-dupatta-for-weddings-image-1.jpg,Yes,top-right color logo heuristic,"842,20,463,265",No,Likely repeated LaPink mark in upper-right region; saturated logo pixels=96985. Warning: large mask area; inspect for garment/background distortion.,Yes
luxemia-orange-turquoise-rani-mirror-lehenga-choli-with-dupatta-for-weddings-image-2.jpg,luxemia_supplier_REJECTED_BRANDED_IMAGES/luxemia-orange-turquoise-rani-mirror-lehenga-choli-with-dupatta-for-weddings-image-2.jpg,Yes,top-right color logo heuristic,"842,20,463,265",No,Likely repeated LaPink mark in upper-right region; saturated logo pixels=97380. Warning: large mask area; inspect for garment/background distortion.,Yes
luxemia-orange-turquoise-rani-mirror-lehenga-choli-with-dupatta-for-weddings-image-3.jpg,luxemia_supplier_REJECTED_BRANDED_IMAGES/luxemia-orange-turquoise-rani-mirror-lehenga-choli-with-dupatta-for-weddings-image-3.jpg,Yes,top-right color logo heuristic,"969,20,336,265",Yes,Likely repeated LaPink mark in upper-right region; saturated logo pixels=39095.,No
luxemia-orange-turquoise-rani-mirror-lehenga-choli-with-dupatta-for-weddings-image-4.jpg,luxemia_supplier_REJECTED_BRANDED_IMAGES/luxemia-orange-turquoise-rani-mirror-lehenga-choli-with-dupatta-for-weddings-image-4.jpg,Yes,top-right color logo heuristic,"842,20,463,265",No,Likely repeated LaPink mark in upper-right region; saturated logo pixels=62870. Warning: large mask area; inspect for garment/background distortion.,Yes
luxemia-orange-green-magenta-mirror-skirt-set-for-festive-events-image-1.jpg,luxemia_supplier_REJECTED_BRANDED_IMAGES/luxemia-orange-green-magenta-mirror-skirt-set-for-festive-events-image-1.jpg,Yes,top-right color logo heuristic,"903,40,339,202",Yes,Likely repeated LaPink mark in upper-right region; saturated logo pixels=6966.,No
luxemia-orange-green-magenta-mirror-skirt-set-for-festive-events-image-2.jpg,luxemia_supplier_REJECTED_BRANDED_IMAGES/luxemia-orange-green-magenta-mirror-skirt-set-for-festive-events-image-2.jpg,Yes,top-right color logo heuristic,"849,20,456,265",No,Likely repeated LaPink mark in upper-right region; saturated logo pixels=54865. Warning: large mask area; inspect for garment/background distortion.,Yes
luxemia-black-mirror-lehenga-choli-with-dupatta-for-weddings-image-1.jpg,luxemia_supplier_REJECTED_BRANDED_IMAGES/luxemia-black-mirror-lehenga-choli-with-dupatta-for-weddings-image-1.jpg,Yes,top-right color logo heuristic,"924,65,279,125",Yes,Likely repeated LaPink mark in upper-right region; saturated logo pixels=6542.,No
luxemia-black-mirror-lehenga-choli-with-dupatta-for-weddings-image-2.jpg,luxemia_supplier_REJECTED_BRANDED_IMAGES/luxemia-black-mirror-lehenga-choli-with-dupatta-for-weddings-image-2.jpg,Yes,top-right color logo heuristic,"924,65,279,125",Yes,Likely repeated LaPink mark in upper-right region; saturated logo pixels=6539.,No
luxemia-black-mirror-lehenga-choli-with-dupatta-for-weddings-image-3.jpg,luxemia_supplier_REJECTED_BRANDED_IMAGES/luxemia-black-mirror-lehenga-choli-with-dupatta-for-weddings-image-3.jpg,Yes,top-right color logo heuristic,"842,20,463,265",No,Likely repeated LaPink mark in upper-right region; saturated logo pixels=23587. Warning: large mask area; inspect for garment/background distortion.,Yes
luxemia-blue-mirror-lehenga-choli-with-dupatta-for-weddings-image-1.jpg,luxemia_supplier_REJECTED_BRANDED_IMAGES/luxemia-blue-mirror-lehenga-choli-with-dupatta-for-weddings-image-1.jpg,Yes,top-right color logo heuristic,"934,120,279,124",Yes,Likely repeated LaPink mark in upper-right region; saturated logo pixels=6499.,No
luxemia-blue-mirror-lehenga-choli-with-dupatta-for-weddings-image-2.jpg,luxemia_supplier_REJECTED_BRANDED_IMAGES/luxemia-blue-mirror-lehenga-choli-with-dupatta-for-weddings-image-2.jpg,Yes,top-right color logo heuristic,"924,65,381,220",Yes,Likely repeated LaPink mark in upper-right region; saturated logo pixels=7781.,No
luxemia-blue-mirror-lehenga-choli-with-dupatta-for-weddings-image-3.jpg,luxemia_supplier_REJECTED_BRANDED_IMAGES/luxemia-blue-mirror-lehenga-choli-with-dupatta-for-weddings-image-3.jpg,Yes,top-right color logo heuristic,"1180,44,51,47",Yes,Likely repeated LaPink mark in upper-right region; saturated logo pixels=115.,No
luxemia-black-mirror-skirt-set-for-festive-events-image-2.jpg,luxemia_supplier_REJECTED_BRANDED_IMAGES/luxemia-black-mirror-skirt-set-for-festive-events-image-2.jpg,Yes,top-right color logo heuristic,"842,20,390,265",No,Likely repeated LaPink mark in upper-right region; saturated logo pixels=80133. Warning: large mask area; inspect for garment/background distortion.,Yes
luxemia-black-mirror-skirt-set-for-festive-events-image-3.jpg,luxemia_supplier_REJECTED_BRANDED_IMAGES/luxemia-black-mirror-skirt-set-for-festive-events-image-3.jpg,Yes,top-right color logo heuristic,"842,20,463,265",No,Likely repeated LaPink mark in upper-right region; saturated logo pixels=100671. Warning: large mask area; inspect for garment/background distortion.,Yes
luxemia-black-mirror-skirt-set-for-festive-events-image-4.jpg,luxemia_supplier_REJECTED_BRANDED_IMAGES/luxemia-black-mirror-skirt-set-for-festive-events-image-4.jpg,Yes,top-right color logo heuristic,"861,20,444,265",No,Likely repeated LaPink mark in upper-right region; saturated logo pixels=87882. Warning: large mask area; inspect for garment/background distortion.,Yes
luxemia-green-sequined-pre-draped-saree-with-blouse-for-weddings-image-1.jpg,luxemia_supplier_REJECTED_BRANDED_IMAGES/luxemia-green-sequined-pre-draped-saree-with-blouse-for-weddings-image-1.jpg,Yes,top-right color logo heuristic,"842,20,463,265",No,Likely repeated LaPink mark in upper-right region; saturated logo pixels=80166. Warning: large mask area; inspect for garment/background distortion.,Yes
luxemia-green-sequined-pre-draped-saree-with-blouse-for-weddings-image-2.jpg,luxemia_supplier_REJECTED_BRANDED_IMAGES/luxemia-green-sequined-pre-draped-saree-with-blouse-for-weddings-image-2.jpg,Yes,top-right color logo heuristic,"842,20,463,265",No,Likely repeated LaPink mark in upper-right region; saturated logo pixels=94034. Warning: large mask area; inspect for garment/background distortion.,Yes
luxemia-green-sequined-pre-draped-saree-with-blouse-for-weddings-image-3.jpg,luxemia_supplier_REJECTED_BRANDED_IMAGES/luxemia-green-sequined-pre-draped-saree-with-blouse-for-weddings-image-3.jpg,Yes,top-right color logo heuristic,"842,20,463,265",No,Likely repeated LaPink mark in upper-right region; saturated logo pixels=101232. Warning: large mask area; inspect for garment/background distortion.,Yes
luxemia-bottle-green-moti-cape-set-for-festive-events-image-1.jpg,luxemia_supplier_REJECTED_BRANDED_IMAGES/luxemia-bottle-green-moti-cape-set-for-festive-events-image-1.jpg,Yes,top-right color logo heuristic,"924,63,381,222",Yes,Likely repeated LaPink mark in upper-right region; saturated logo pixels=7094.,No
luxemia-bottle-green-moti-cape-set-for-festive-events-image-2.jpg,luxemia_supplier_REJECTED_BRANDED_IMAGES/luxemia-bottle-green-moti-cape-set-for-festive-events-image-2.jpg,Yes,top-right color logo heuristic,"1285,87,20,198",Yes,Likely repeated LaPink mark in upper-right region; saturated logo pixels=161.,No
luxemia-bottle-green-moti-cape-set-for-festive-events-image-3.jpg,luxemia_supplier_REJECTED_BRANDED_IMAGES/luxemia-bottle-green-moti-cape-set-for-festive-events-image-3.jpg,Yes,top-right color logo heuristic,"856,20,449,265",No,Likely repeated LaPink mark in upper-right region; saturated logo pixels=49471. Warning: large mask area; inspect for garment/background distortion.,Yes
luxemia-bottle-green-moti-cape-set-for-festive-events-image-4.jpg,luxemia_supplier_REJECTED_BRANDED_IMAGES/luxemia-bottle-green-moti-cape-set-for-festive-events-image-4.jpg,Yes,top-right color logo heuristic,"924,20,381,265",No,Likely repeated LaPink mark in upper-right region; saturated logo pixels=15227. Warning: large mask area; inspect for garment/background distortion.,Yes
luxemia-bottle-green-moti-cape-set-for-festive-events-image-5.jpg,luxemia_supplier_REJECTED_BRANDED_IMAGES/luxemia-bottle-green-moti-cape-set-for-festive-events-image-5.jpg,Yes,top-right color logo heuristic,"924,20,381,265",No,Likely repeated LaPink mark in upper-right region; saturated logo pixels=14478. Warning: large mask area; inspect for garment/background distortion.,Yes
luxemia-elegant-solid-tone-mirror-palazzo-set-for-festive-events-image-1.jpg,luxemia_supplier_REJECTED_BRANDED_IMAGES/luxemia-elegant-solid-tone-mirror-palazzo-set-for-festive-events-image-1.jpg,Yes,fallback top-right LaPink mask,"913,69,359,178",Yes,Likely repeated LaPink mark in upper-right region; saturated logo pixels=1.,Yes
luxemia-elegant-solid-tone-mirror-palazzo-set-for-festive-events-image-2.jpg,luxemia_supplier_REJECTED_BRANDED_IMAGES/luxemia-elegant-solid-tone-mirror-palazzo-set-for-festive-events-image-2.jpg,Yes,top-right color logo heuristic,"847,152,458,133",Yes,Likely repeated LaPink mark in upper-right region; saturated logo pixels=3791.,No
luxemia-cream-mirror-pre-draped-saree-with-blouse-for-weddings-image-1.jpg,luxemia_supplier_REJECTED_BRANDED_IMAGES/luxemia-cream-mirror-pre-draped-saree-with-blouse-for-weddings-image-1.jpg,Yes,top-right color logo heuristic,"842,20,361,265",No,Likely repeated LaPink mark in upper-right region; saturated logo pixels=32633. Warning: large mask area; inspect for garment/background distortion.,Yes
luxemia-cream-mirror-pre-draped-saree-with-blouse-for-weddings-image-2.jpg,luxemia_supplier_REJECTED_BRANDED_IMAGES/luxemia-cream-mirror-pre-draped-saree-with-blouse-for-weddings-image-2.jpg,Yes,top-right color logo heuristic,"842,20,372,265",No,Likely repeated LaPink mark in upper-right region; saturated logo pixels=10997. Warning: large mask area; inspect for garment/background distortion.,Yes
luxemia-cream-mirror-pre-draped-saree-with-blouse-for-weddings-image-3.jpg,luxemia_supplier_REJECTED_BRANDED_IMAGES/luxemia-cream-mirror-pre-draped-saree-with-blouse-for-weddings-image-3.jpg,Yes,top-right color logo heuristic,"906,20,386,265",No,Likely repeated LaPink mark in upper-right region; saturated logo pixels=40221. Warning: large mask area; inspect for garment/background distortion.,Yes
luxemia-cream-mirror-pre-draped-saree-with-blouse-for-weddings-image-4.jpg,luxemia_supplier_REJECTED_BRANDED_IMAGES/luxemia-cream-mirror-pre-draped-saree-with-blouse-for-weddings-image-4.jpg,Yes,top-right color logo heuristic,"842,20,463,265",No,Likely repeated LaPink mark in upper-right region; saturated logo pixels=59124. Warning: large mask area; inspect for garment/background distortion.,Yes
luxemia-pink-mirror-lehenga-choli-with-dupatta-for-weddings-image-2.jpg,luxemia_supplier_REJECTED_BRANDED_IMAGES/luxemia-pink-mirror-lehenga-choli-with-dupatta-for-weddings-image-2.jpg,Yes,top-right color logo heuristic,"842,20,463,265",No,Likely repeated LaPink mark in upper-right region; saturated logo pixels=99551. Warning: large mask area; inspect for garment/background distortion.,Yes
luxemia-pink-mirror-lehenga-choli-with-dupatta-for-weddings-image-3.jpg,luxemia_supplier_REJECTED_BRANDED_IMAGES/luxemia-pink-mirror-lehenga-choli-with-dupatta-for-weddings-image-3.jpg,Yes,top-right color logo heuristic,"842,20,463,265",No,Likely repeated LaPink mark in upper-right region; saturated logo pixels=100027. Warning: large mask area; inspect for garment/background distortion.,Yes
luxemia-pink-mirror-lehenga-choli-with-dupatta-for-weddings-image-4.jpg,luxemia_supplier_REJECTED_BRANDED_IMAGES/luxemia-pink-mirror-lehenga-choli-with-dupatta-for-weddings-image-4.jpg,Yes,top-right color logo heuristic,"842,20,463,265",No,Likely repeated LaPink mark in upper-right region; saturated logo pixels=96382. Warning: large mask area; inspect for garment/background distortion.,Yes
luxemia-orange-top-set-for-festive-events-image-1.jpg,luxemia_supplier_REJECTED_BRANDED_IMAGES/luxemia-orange-top-set-for-festive-events-image-1.jpg,Yes,top-right color logo heuristic,"842,66,463,210",No,Likely repeated LaPink mark in upper-right region; saturated logo pixels=9881. Warning: large mask area; inspect for garment/background distortion.,Yes
luxemia-orange-top-set-for-festive-events-image-2.jpg,luxemia_supplier_REJECTED_BRANDED_IMAGES/luxemia-orange-top-set-for-festive-events-image-2.jpg,Yes,top-right color logo heuristic,"842,27,370,258",No,Likely repeated LaPink mark in upper-right region; saturated logo pixels=19890. Warning: large mask area; inspect for garment/background distortion.,Yes
luxemia-orange-top-set-for-festive-events-image-3.jpg,luxemia_supplier_REJECTED_BRANDED_IMAGES/luxemia-orange-top-set-for-festive-events-image-3.jpg,Yes,top-right color logo heuristic,"842,20,390,265",No,Likely repeated LaPink mark in upper-right region; saturated logo pixels=19395. Warning: large mask area; inspect for garment/background distortion.,Yes
luxemia-orange-top-set-for-festive-events-image-4.jpg,luxemia_supplier_REJECTED_BRANDED_IMAGES/luxemia-orange-top-set-for-festive-events-image-4.jpg,Yes,top-right color logo heuristic,"925,20,380,265",No,Likely repeated LaPink mark in upper-right region; saturated logo pixels=7963. Warning: large mask area; inspect for garment/background distortion.,Yes
luxemia-black-mirror-lehenga-choli-with-dupatta-for-receptions-image-1.jpg,luxemia_supplier_REJECTED_BRANDED_IMAGES/luxemia-black-mirror-lehenga-choli-with-dupatta-for-receptions-image-1.jpg,Yes,top-right color logo heuristic,"992,39,281,124",Yes,Likely repeated LaPink mark in upper-right region; saturated logo pixels=7609.,No
luxemia-black-mirror-lehenga-choli-with-dupatta-for-receptions-image-2.jpg,luxemia_supplier_REJECTED_BRANDED_IMAGES/luxemia-black-mirror-lehenga-choli-with-dupatta-for-receptions-image-2.jpg,Yes,top-right color logo heuristic,"955,38,280,124",Yes,Likely repeated LaPink mark in upper-right region; saturated logo pixels=7422.,No
luxemia-black-mirror-lehenga-choli-with-dupatta-for-receptions-image-3.jpg,luxemia_supplier_REJECTED_BRANDED_IMAGES/luxemia-black-mirror-lehenga-choli-with-dupatta-for-receptions-image-3.jpg,Yes,fallback top-right LaPink mask,"913,69,359,178",Yes,Likely repeated LaPink mark in upper-right region; saturated logo pixels=30.,Yes
luxemia-black-mirror-lehenga-choli-with-dupatta-for-receptions-image-4.jpg,luxemia_supplier_REJECTED_BRANDED_IMAGES/luxemia-black-mirror-lehenga-choli-with-dupatta-for-receptions-image-4.jpg,Yes,top-right color logo heuristic,"842,228,44,57",Yes,Likely repeated LaPink mark in upper-right region; saturated logo pixels=115.,No
luxemia-black-mirror-lehenga-choli-with-dupatta-for-receptions-image-5.jpg,luxemia_supplier_REJECTED_BRANDED_IMAGES/luxemia-black-mirror-lehenga-choli-with-dupatta-for-receptions-image-5.jpg,Yes,top-right color logo heuristic,"842,41,446,241",No,Likely repeated LaPink mark in upper-right region; saturated logo pixels=7499. Warning: large mask area; inspect for garment/background distortion.,Yes
luxemia-black-mirror-pre-draped-saree-with-blouse-for-weddings-image-1.jpg,luxemia_supplier_REJECTED_BRANDED_IMAGES/luxemia-black-mirror-pre-draped-saree-with-blouse-for-weddings-image-1.jpg,Yes,top-right color logo heuristic,"1083,53,78,188",Yes,Likely repeated LaPink mark in upper-right region; saturated logo pixels=145.,No
luxemia-black-mirror-pre-draped-saree-with-blouse-for-weddings-image-2.jpg,luxemia_supplier_REJECTED_BRANDED_IMAGES/luxemia-black-mirror-pre-draped-saree-with-blouse-for-weddings-image-2.jpg,Yes,top-right color logo heuristic,"885,29,228,256",Yes,Likely repeated LaPink mark in upper-right region; saturated logo pixels=2030.,No
luxemia-black-mirror-pre-draped-saree-with-blouse-for-weddings-image-3.jpg,luxemia_supplier_REJECTED_BRANDED_IMAGES/luxemia-black-mirror-pre-draped-saree-with-blouse-for-weddings-image-3.jpg,Yes,top-right color logo heuristic,"1255,30,50,253",Yes,Likely repeated LaPink mark in upper-right region; saturated logo pixels=222.,No
luxemia-black-mirror-pre-draped-saree-with-blouse-for-weddings-image-4.jpg,luxemia_supplier_REJECTED_BRANDED_IMAGES/luxemia-black-mirror-pre-draped-saree-with-blouse-for-weddings-image-4.jpg,Yes,top-right color logo heuristic,"1228,20,77,265",Yes,Likely repeated LaPink mark in upper-right region; saturated logo pixels=892.,No
luxemia-orange-mirror-pre-draped-saree-with-blouse-for-receptions-image-1.jpg,luxemia_supplier_REJECTED_BRANDED_IMAGES/luxemia-orange-mirror-pre-draped-saree-with-blouse-for-receptions-image-1.jpg,Yes,top-right color logo heuristic,"842,20,463,265",No,Likely repeated LaPink mark in upper-right region; saturated logo pixels=57471. Warning: large mask area; inspect for garment/background distortion.,Yes
luxemia-orange-mirror-pre-draped-saree-with-blouse-for-receptions-image-2.jpg,luxemia_supplier_REJECTED_BRANDED_IMAGES/luxemia-orange-mirror-pre-draped-saree-with-blouse-for-receptions-image-2.jpg,Yes,top-right color logo heuristic,"842,20,461,265",No,Likely repeated LaPink mark in upper-right region; saturated logo pixels=90750. Warning: large mask area; inspect for garment/background distortion.,Yes
luxemia-orange-mirror-pre-draped-saree-with-blouse-for-receptions-image-3.jpg,luxemia_supplier_REJECTED_BRANDED_IMAGES/luxemia-orange-mirror-pre-draped-saree-with-blouse-for-receptions-image-3.jpg,Yes,top-right color logo heuristic,"842,20,463,265",No,Likely repeated LaPink mark in upper-right region; saturated logo pixels=92399. Warning: large mask area; inspect for garment/background distortion.,Yes
luxemia-orange-moti-pre-draped-saree-with-blouse-for-weddings-image-1.jpg,luxemia_supplier_REJECTED_BRANDED_IMAGES/luxemia-orange-moti-pre-draped-saree-with-blouse-for-weddings-image-1.jpg,Yes,top-right color logo heuristic,"842,20,454,265",No,Likely repeated LaPink mark in upper-right region; saturated logo pixels=63728. Warning: large mask area; inspect for garment/background distortion.,Yes
luxemia-orange-moti-pre-draped-saree-with-blouse-for-weddings-image-2.jpg,luxemia_supplier_REJECTED_BRANDED_IMAGES/luxemia-orange-moti-pre-draped-saree-with-blouse-for-weddings-image-2.jpg,Yes,top-right color logo heuristic,"842,20,430,265",No,Likely repeated LaPink mark in upper-right region; saturated logo pixels=61121. Warning: large mask area; inspect for garment/background distortion.,Yes
luxemia-orange-moti-pre-draped-saree-with-blouse-for-weddings-image-3.jpg,luxemia_supplier_REJECTED_BRANDED_IMAGES/luxemia-orange-moti-pre-draped-saree-with-blouse-for-weddings-image-3.jpg,Yes,top-right color logo heuristic,"842,20,463,265",No,Likely repeated LaPink mark in upper-right region; saturated logo pixels=95776. Warning: large mask area; inspect for garment/background distortion.,Yes
luxemia-orange-moti-pre-draped-saree-with-blouse-for-weddings-image-4.jpg,luxemia_supplier_REJECTED_BRANDED_IMAGES/luxemia-orange-moti-pre-draped-saree-with-blouse-for-weddings-image-4.jpg,Yes,top-right color logo heuristic,"842,20,420,265",No,Likely repeated LaPink mark in upper-right region; saturated logo pixels=51861. Warning: large mask area; inspect for garment/background distortion.,Yes
luxemia-orange-moti-pre-draped-saree-with-blouse-for-weddings-image-5.jpg,luxemia_supplier_REJECTED_BRANDED_IMAGES/luxemia-orange-moti-pre-draped-saree-with-blouse-for-weddings-image-5.jpg,Yes,top-right color logo heuristic,"842,20,463,265",No,Likely repeated LaPink mark in upper-right region; saturated logo pixels=98708. Warning: large mask area; inspect for garment/background distortion.,Yes
luxemia-wine-moti-pre-draped-saree-with-blouse-for-weddings-image-1.jpg,luxemia_supplier_REJECTED_BRANDED_IMAGES/luxemia-wine-moti-pre-draped-saree-with-blouse-for-weddings-image-1.jpg,Yes,top-right color logo heuristic,"842,20,463,265",No,Likely repeated LaPink mark in upper-right region; saturated logo pixels=98546. Warning: large mask area; inspect for garment/background distortion.,Yes
luxemia-cream-beaded-sharara-suit-for-festive-events-image-1.jpg,luxemia_supplier_REJECTED_BRANDED_IMAGES/luxemia-cream-beaded-sharara-suit-for-festive-events-image-1.jpg,Yes,top-right color logo heuristic,"842,20,463,265",No,Likely repeated LaPink mark in upper-right region; saturated logo pixels=60190. Warning: large mask area; inspect for garment/background distortion.,Yes
luxemia-cream-beaded-sharara-suit-for-festive-events-image-2.jpg,luxemia_supplier_REJECTED_BRANDED_IMAGES/luxemia-cream-beaded-sharara-suit-for-festive-events-image-2.jpg,Yes,top-right color logo heuristic,"842,20,463,265",No,Likely repeated LaPink mark in upper-right region; saturated logo pixels=58171. Warning: large mask area; inspect for garment/background distortion.,Yes
luxemia-cream-beaded-sharara-suit-for-festive-events-image-3.jpg,luxemia_supplier_REJECTED_BRANDED_IMAGES/luxemia-cream-beaded-sharara-suit-for-festive-events-image-3.jpg,Yes,top-right color logo heuristic,"842,20,463,265",No,Likely repeated LaPink mark in upper-right region; saturated logo pixels=28637. Warning: large mask area; inspect for garment/background distortion.,Yes
luxemia-cream-beaded-sharara-suit-for-festive-events-image-4.jpg,luxemia_supplier_REJECTED_BRANDED_IMAGES/luxemia-cream-beaded-sharara-suit-for-festive-events-image-4.jpg,Yes,top-right color logo heuristic,"842,20,463,265",No,Likely repeated LaPink mark in upper-right region; saturated logo pixels=37885. Warning: large mask area; inspect for garment/background distortion.,Yes
luxemia-cream-beaded-sharara-suit-for-festive-events-image-5.jpg,luxemia_supplier_REJECTED_BRANDED_IMAGES/luxemia-cream-beaded-sharara-suit-for-festive-events-image-5.jpg,Yes,top-right color logo heuristic,"842,20,333,265",Yes,Likely repeated LaPink mark in upper-right region; saturated logo pixels=14472.,No
luxemia-green-mirror-palazzo-set-for-festive-events-image-1.jpg,luxemia_supplier_REJECTED_BRANDED_IMAGES/luxemia-green-mirror-palazzo-set-for-festive-events-image-1.jpg,Yes,fallback top-right LaPink mask,"913,69,359,178",Yes,Likely repeated LaPink mark in upper-right region; saturated logo pixels=0.,Yes
luxemia-green-mirror-palazzo-set-for-festive-events-image-2.jpg,luxemia_supplier_REJECTED_BRANDED_IMAGES/luxemia-green-mirror-palazzo-set-for-festive-events-image-2.jpg,Yes,top-right color logo heuristic,"842,152,463,133",Yes,Likely repeated LaPink mark in upper-right region; saturated logo pixels=5698.,No
luxemia-cream-stone-pre-draped-saree-with-blouse-for-weddings-image-1.jpg,luxemia_supplier_REJECTED_BRANDED_IMAGES/luxemia-cream-stone-pre-draped-saree-with-blouse-for-weddings-image-1.jpg,Yes,top-right color logo heuristic,"892,20,413,265",No,Likely repeated LaPink mark in upper-right region; saturated logo pixels=42229. Warning: large mask area; inspect for garment/background distortion.,Yes
luxemia-cream-stone-pre-draped-saree-with-blouse-for-weddings-image-2.jpg,luxemia_supplier_REJECTED_BRANDED_IMAGES/luxemia-cream-stone-pre-draped-saree-with-blouse-for-weddings-image-2.jpg,Yes,top-right color logo heuristic,"955,37,279,125",Yes,Likely repeated LaPink mark in upper-right region; saturated logo pixels=6462.,No
luxemia-cream-stone-pre-draped-saree-with-blouse-for-weddings-image-3.jpg,luxemia_supplier_REJECTED_BRANDED_IMAGES/luxemia-cream-stone-pre-draped-saree-with-blouse-for-weddings-image-3.jpg,Yes,top-right color logo heuristic,"993,39,279,123",Yes,Likely repeated LaPink mark in upper-right region; saturated logo pixels=6721.,No
luxemia-blue-mirror-lehenga-choli-with-dupatta-for-receptions-image-1.jpg,luxemia_supplier_REJECTED_BRANDED_IMAGES/luxemia-blue-mirror-lehenga-choli-with-dupatta-for-receptions-image-1.jpg,Yes,fallback top-right LaPink mask,"913,69,359,178",Yes,Likely repeated LaPink mark in upper-right region; saturated logo pixels=0.,Yes
luxemia-pink-and-pistachio-mirror-skirt-set-for-festive-events-image-1.jpg,luxemia_supplier_REJECTED_BRANDED_IMAGES/luxemia-pink-and-pistachio-mirror-skirt-set-for-festive-events-image-1.jpg,Yes,top-right color logo heuristic,"1225,20,80,203",Yes,Likely repeated LaPink mark in upper-right region; saturated logo pixels=1510.,No
luxemia-pink-and-pistachio-mirror-skirt-set-for-festive-events-image-2.jpg,luxemia_supplier_REJECTED_BRANDED_IMAGES/luxemia-pink-and-pistachio-mirror-skirt-set-for-festive-events-image-2.jpg,Yes,top-right color logo heuristic,"958,66,281,124",Yes,Likely repeated LaPink mark in upper-right region; saturated logo pixels=7654.,No
luxemia-pink-and-pistachio-mirror-skirt-set-for-festive-events-image-3.jpg,luxemia_supplier_REJECTED_BRANDED_IMAGES/luxemia-pink-and-pistachio-mirror-skirt-set-for-festive-events-image-3.jpg,Yes,fallback top-right LaPink mask,"913,69,359,178",Yes,Likely repeated LaPink mark in upper-right region; saturated logo pixels=0.,Yes
luxemia-pink-and-pistachio-mirror-skirt-set-for-festive-events-image-4.jpg,luxemia_supplier_REJECTED_BRANDED_IMAGES/luxemia-pink-and-pistachio-mirror-skirt-set-for-festive-events-image-4.jpg,Yes,top-right color logo heuristic,"963,42,280,126",Yes,Likely repeated LaPink mark in upper-right region; saturated logo pixels=8006.,No
luxemia-rani-moti-pre-draped-saree-with-blouse-for-weddings-image-3.jpg,luxemia_supplier_REJECTED_BRANDED_IMAGES/luxemia-rani-moti-pre-draped-saree-with-blouse-for-weddings-image-3.jpg,Yes,fallback top-right LaPink mask,"913,69,359,178",Yes,Likely repeated LaPink mark in upper-right region; saturated logo pixels=0.,Yes
luxemia-rani-moti-pre-draped-saree-with-blouse-for-weddings-image-4.jpg,luxemia_supplier_REJECTED_BRANDED_IMAGES/luxemia-rani-moti-pre-draped-saree-with-blouse-for-weddings-image-4.jpg,Yes,top-right color logo heuristic,"1112,33,185,252",Yes,Likely repeated LaPink mark in upper-right region; saturated logo pixels=1138.,No
luxemia-rani-blue-moti-sharara-suit-for-festive-events-image-2.jpg,luxemia_supplier_REJECTED_BRANDED_IMAGES/luxemia-rani-blue-moti-sharara-suit-for-festive-events-image-2.jpg,Yes,top-right color logo heuristic,"842,20,338,265",Yes,Likely repeated LaPink mark in upper-right region; saturated logo pixels=15138.,No
luxemia-rani-blue-moti-sharara-suit-for-festive-events-image-3.jpg,luxemia_supplier_REJECTED_BRANDED_IMAGES/luxemia-rani-blue-moti-sharara-suit-for-festive-events-image-3.jpg,Yes,top-right color logo heuristic,"842,20,396,265",No,Likely repeated LaPink mark in upper-right region; saturated logo pixels=55624. Warning: large mask area; inspect for garment/background distortion.,Yes
luxemia-rani-blue-moti-sharara-suit-for-festive-events-image-4.jpg,luxemia_supplier_REJECTED_BRANDED_IMAGES/luxemia-rani-blue-moti-sharara-suit-for-festive-events-image-4.jpg,Yes,top-right color logo heuristic,"842,20,135,265",Yes,Likely repeated LaPink mark in upper-right region; saturated logo pixels=20893.,No
luxemia-champagne-mirror-cape-set-for-festive-events-image-1.jpg,luxemia_supplier_REJECTED_BRANDED_IMAGES/luxemia-champagne-mirror-cape-set-for-festive-events-image-1.jpg,Yes,fallback top-right LaPink mask,"913,69,359,178",Yes,Likely repeated LaPink mark in upper-right region; saturated logo pixels=0.,Yes
luxemia-champagne-mirror-cape-set-for-festive-events-image-2.jpg,luxemia_supplier_REJECTED_BRANDED_IMAGES/luxemia-champagne-mirror-cape-set-for-festive-events-image-2.jpg,Yes,fallback top-right LaPink mask,"913,69,359,178",Yes,Likely repeated LaPink mark in upper-right region; saturated logo pixels=0.,Yes
luxemia-champagne-mirror-cape-set-for-festive-events-image-3.jpg,luxemia_supplier_REJECTED_BRANDED_IMAGES/luxemia-champagne-mirror-cape-set-for-festive-events-image-3.jpg,Yes,fallback top-right LaPink mask,"913,69,359,178",Yes,Likely repeated LaPink mark in upper-right region; saturated logo pixels=0.,Yes
luxemia-purple-grey-mirror-anarkali-suit-for-festive-events-image-1.jpg,luxemia_supplier_REJECTED_BRANDED_IMAGES/luxemia-purple-grey-mirror-anarkali-suit-for-festive-events-image-1.jpg,Yes,fallback top-right LaPink mask,"913,69,359,178",Yes,Likely repeated LaPink mark in upper-right region; saturated logo pixels=0.,Yes
luxemia-purple-grey-mirror-anarkali-suit-for-festive-events-image-2.jpg,luxemia_supplier_REJECTED_BRANDED_IMAGES/luxemia-purple-grey-mirror-anarkali-suit-for-festive-events-image-2.jpg,Yes,fallback top-right LaPink mask,"913,69,359,178",Yes,Likely repeated LaPink mark in upper-right region; saturated logo pixels=0.,Yes
luxemia-black-mirror-viscose-lehenga-choli-with-dupatta-for-weddings-image-1.jpg,luxemia_supplier_REJECTED_BRANDED_IMAGES/luxemia-black-mirror-viscose-lehenga-choli-with-dupatta-for-weddings-image-1.jpg,Yes,top-right color logo heuristic,"992,39,281,124",Yes,Likely repeated LaPink mark in upper-right region; saturated logo pixels=7609.,No
luxemia-black-mirror-viscose-lehenga-choli-with-dupatta-for-weddings-image-2.jpg,luxemia_supplier_REJECTED_BRANDED_IMAGES/luxemia-black-mirror-viscose-lehenga-choli-with-dupatta-for-weddings-image-2.jpg,Yes,top-right color logo heuristic,"955,38,280,124",Yes,Likely repeated LaPink mark in upper-right region; saturated logo pixels=7422.,No
luxemia-black-mirror-viscose-lehenga-choli-with-dupatta-for-weddings-image-3.jpg,luxemia_supplier_REJECTED_BRANDED_IMAGES/luxemia-black-mirror-viscose-lehenga-choli-with-dupatta-for-weddings-image-3.jpg,Yes,fallback top-right LaPink mask,"913,69,359,178",Yes,Likely repeated LaPink mark in upper-right region; saturated logo pixels=30.,Yes
luxemia-black-sequined-palazzo-set-for-festive-events-image-1.jpg,luxemia_supplier_REJECTED_BRANDED_IMAGES/luxemia-black-sequined-palazzo-set-for-festive-events-image-1.jpg,Yes,top-right color logo heuristic,"842,20,330,179",Yes,Likely repeated LaPink mark in upper-right region; saturated logo pixels=1106.,No
luxemia-black-sequined-palazzo-set-for-festive-events-image-2.jpg,luxemia_supplier_REJECTED_BRANDED_IMAGES/luxemia-black-sequined-palazzo-set-for-festive-events-image-2.jpg,Yes,fallback top-right LaPink mask,"913,69,359,178",Yes,Likely repeated LaPink mark in upper-right region; saturated logo pixels=8.,Yes
luxemia-black-sequined-palazzo-set-for-festive-events-image-3.jpg,luxemia_supplier_REJECTED_BRANDED_IMAGES/luxemia-black-sequined-palazzo-set-for-festive-events-image-3.jpg,Yes,fallback top-right LaPink mask,"913,69,359,178",Yes,Likely repeated LaPink mark in upper-right region; saturated logo pixels=0.,Yes
luxemia-black-sequined-palazzo-set-for-festive-events-image-4.jpg,luxemia_supplier_REJECTED_BRANDED_IMAGES/luxemia-black-sequined-palazzo-set-for-festive-events-image-4.jpg,Yes,fallback top-right LaPink mask,"913,69,359,178",Yes,Likely repeated LaPink mark in upper-right region; saturated logo pixels=20.,Yes
luxemia-mustard-mirror-cape-set-for-festive-events-image-3.jpg,luxemia_supplier_REJECTED_BRANDED_IMAGES/luxemia-mustard-mirror-cape-set-for-festive-events-image-3.jpg,Yes,top-right color logo heuristic,"842,20,463,265",No,Likely repeated LaPink mark in upper-right region; saturated logo pixels=34089. Warning: large mask area; inspect for garment/background distortion.,Yes
luxemia-mustard-mirror-cape-set-for-festive-events-image-4.jpg,luxemia_supplier_REJECTED_BRANDED_IMAGES/luxemia-mustard-mirror-cape-set-for-festive-events-image-4.jpg,Yes,top-right color logo heuristic,"867,20,382,265",No,Likely repeated LaPink mark in upper-right region; saturated logo pixels=5829. Warning: large mask area; inspect for garment/background distortion.,Yes
luxemia-mustard-mirror-cape-set-for-festive-events-image-5.jpg,luxemia_supplier_REJECTED_BRANDED_IMAGES/luxemia-mustard-mirror-cape-set-for-festive-events-image-5.jpg,Yes,top-right color logo heuristic,"842,20,293,205",Yes,Likely repeated LaPink mark in upper-right region; saturated logo pixels=1327.,No
luxemia-mustard-mirror-cape-set-for-festive-events-image-6.jpg,luxemia_supplier_REJECTED_BRANDED_IMAGES/luxemia-mustard-mirror-cape-set-for-festive-events-image-6.jpg,Yes,top-right color logo heuristic,"842,20,428,265",No,Likely repeated LaPink mark in upper-right region; saturated logo pixels=2699. Warning: large mask area; inspect for garment/background distortion.,Yes
luxemia-mustard-mirror-cape-set-for-festive-events-image-8.jpg,luxemia_supplier_REJECTED_BRANDED_IMAGES/luxemia-mustard-mirror-cape-set-for-festive-events-image-8.jpg,Yes,top-right color logo heuristic,"862,20,351,265",No,Likely repeated LaPink mark in upper-right region; saturated logo pixels=12139. Warning: large mask area; inspect for garment/background distortion.,Yes
luxemia-mustard-mirror-cape-set-for-festive-events-image-9.jpg,luxemia_supplier_REJECTED_BRANDED_IMAGES/luxemia-mustard-mirror-cape-set-for-festive-events-image-9.jpg,Yes,top-right color logo heuristic,"1045,20,128,265",Yes,Likely repeated LaPink mark in upper-right region; saturated logo pixels=3621.,No
luxemia-mustard-mirror-cape-set-for-festive-events-image-10.jpg,luxemia_supplier_REJECTED_BRANDED_IMAGES/luxemia-mustard-mirror-cape-set-for-festive-events-image-10.jpg,Yes,top-right color logo heuristic,"862,20,351,265",No,Likely repeated LaPink mark in upper-right region; saturated logo pixels=12139. Warning: large mask area; inspect for garment/background distortion.,Yes
luxemia-teal-mirror-cape-set-for-festive-events-image-1.jpg,luxemia_supplier_REJECTED_BRANDED_IMAGES/luxemia-teal-mirror-cape-set-for-festive-events-image-1.jpg,Yes,top-right color logo heuristic,"862,20,343,265",No,Likely repeated LaPink mark in upper-right region; saturated logo pixels=11915. Warning: large mask area; inspect for garment/background distortion.,Yes
luxemia-teal-mirror-cape-set-for-festive-events-image-2.jpg,luxemia_supplier_REJECTED_BRANDED_IMAGES/luxemia-teal-mirror-cape-set-for-festive-events-image-2.jpg,Yes,top-right color logo heuristic,"1107,20,128,265",Yes,Likely repeated LaPink mark in upper-right region; saturated logo pixels=2041.,No
luxemia-lemon-yellow-sequined-sharara-suit-with-dupatta-for-festive-events-image-1.jpg,luxemia_supplier_REJECTED_BRANDED_IMAGES/luxemia-lemon-yellow-sequined-sharara-suit-with-dupatta-for-festive-events-image-1.jpg,Yes,top-right color logo heuristic,"1001,20,304,102",Yes,Likely repeated LaPink mark in upper-right region; saturated logo pixels=7666.,No
luxemia-lemon-yellow-sequined-sharara-suit-with-dupatta-for-festive-events-image-2.jpg,luxemia_supplier_REJECTED_BRANDED_IMAGES/luxemia-lemon-yellow-sequined-sharara-suit-with-dupatta-for-festive-events-image-2.jpg,Yes,top-right color logo heuristic,"848,20,457,265",No,Likely repeated LaPink mark in upper-right region; saturated logo pixels=13178. Warning: large mask area; inspect for garment/background distortion.,Yes
luxemia-lemon-yellow-sequined-sharara-suit-with-dupatta-for-festive-events-image-3.jpg,luxemia_supplier_REJECTED_BRANDED_IMAGES/luxemia-lemon-yellow-sequined-sharara-suit-with-dupatta-for-festive-events-image-3.jpg,Yes,top-right color logo heuristic,"842,20,463,265",No,Likely repeated LaPink mark in upper-right region; saturated logo pixels=4267. Warning: large mask area; inspect for garment/background distortion.,Yes
luxemia-black-moti-pre-draped-saree-with-blouse-for-weddings-image-1.jpg,luxemia_supplier_REJECTED_BRANDED_IMAGES/luxemia-black-moti-pre-draped-saree-with-blouse-for-weddings-image-1.jpg,Yes,top-right color logo heuristic,"957,37,348,248",Yes,Likely repeated LaPink mark in upper-right region; saturated logo pixels=8089.,No
luxemia-black-moti-pre-draped-saree-with-blouse-for-weddings-image-2.jpg,luxemia_supplier_REJECTED_BRANDED_IMAGES/luxemia-black-moti-pre-draped-saree-with-blouse-for-weddings-image-2.jpg,Yes,fallback top-right LaPink mask,"913,69,359,178",Yes,Likely repeated LaPink mark in upper-right region; saturated logo pixels=0.,Yes
luxemia-black-moti-pre-draped-saree-with-blouse-for-weddings-image-3.jpg,luxemia_supplier_REJECTED_BRANDED_IMAGES/luxemia-black-moti-pre-draped-saree-with-blouse-for-weddings-image-3.jpg,Yes,fallback top-right LaPink mask,"913,69,359,178",Yes,Likely repeated LaPink mark in upper-right region; saturated logo pixels=0.,Yes
luxemia-orange-moti-pre-draped-saree-with-blouse-for-receptions-image-1.jpg,luxemia_supplier_REJECTED_BRANDED_IMAGES/luxemia-orange-moti-pre-draped-saree-with-blouse-for-receptions-image-1.jpg,Yes,top-right color logo heuristic,"951,69,276,122",Yes,Likely repeated LaPink mark in upper-right region; saturated logo pixels=7547.,No
luxemia-orange-moti-pre-draped-saree-with-blouse-for-receptions-image-2.jpg,luxemia_supplier_REJECTED_BRANDED_IMAGES/luxemia-orange-moti-pre-draped-saree-with-blouse-for-receptions-image-2.jpg,Yes,top-right color logo heuristic,"951,61,354,220",Yes,Likely repeated LaPink mark in upper-right region; saturated logo pixels=13430.,No
luxemia-orange-moti-pre-draped-saree-with-blouse-for-receptions-image-3.jpg,luxemia_supplier_REJECTED_BRANDED_IMAGES/luxemia-orange-moti-pre-draped-saree-with-blouse-for-receptions-image-3.jpg,Yes,top-right color logo heuristic,"713,17,290,226",Yes,Likely repeated LaPink mark in upper-right region; saturated logo pixels=11427.,No
luxemia-orange-moti-pre-draped-saree-with-blouse-for-receptions-image-4.jpg,luxemia_supplier_REJECTED_BRANDED_IMAGES/luxemia-orange-moti-pre-draped-saree-with-blouse-for-receptions-image-4.jpg,Yes,top-right color logo heuristic,"622,161,348,70",Yes,Likely repeated LaPink mark in upper-right region; saturated logo pixels=236.,No
luxemia-wine-moti-pre-draped-saree-with-blouse-for-receptions-image-1.jpg,luxemia_supplier_REJECTED_BRANDED_IMAGES/luxemia-wine-moti-pre-draped-saree-with-blouse-for-receptions-image-1.jpg,Yes,top-right color logo heuristic,"1037,217,268,68",Yes,Likely repeated LaPink mark in upper-right region; saturated logo pixels=553.,No
luxemia-wine-moti-pre-draped-saree-with-blouse-for-receptions-image-2.jpg,luxemia_supplier_REJECTED_BRANDED_IMAGES/luxemia-wine-moti-pre-draped-saree-with-blouse-for-receptions-image-2.jpg,Yes,top-right color logo heuristic,"842,20,336,265",Yes,Likely repeated LaPink mark in upper-right region; saturated logo pixels=18110.,No
luxemia-navy-moti-pre-draped-saree-with-blouse-for-weddings-image-1.jpg,luxemia_supplier_REJECTED_BRANDED_IMAGES/luxemia-navy-moti-pre-draped-saree-with-blouse-for-weddings-image-1.jpg,Yes,top-right color logo heuristic,"1147,189,158,96",Yes,Likely repeated LaPink mark in upper-right region; saturated logo pixels=2579.,No
luxemia-navy-moti-pre-draped-saree-with-blouse-for-weddings-image-2.jpg,luxemia_supplier_REJECTED_BRANDED_IMAGES/luxemia-navy-moti-pre-draped-saree-with-blouse-for-weddings-image-2.jpg,Yes,top-right color logo heuristic,"842,20,328,265",Yes,Likely repeated LaPink mark in upper-right region; saturated logo pixels=15134.,No
luxemia-champagne-mirror-cape-set-for-parties-image-1.jpg,luxemia_supplier_REJECTED_BRANDED_IMAGES/luxemia-champagne-mirror-cape-set-for-parties-image-1.jpg,Yes,top-right color logo heuristic,"842,20,463,265",No,Likely repeated LaPink mark in upper-right region; saturated logo pixels=53719. Warning: large mask area; inspect for garment/background distortion.,Yes
luxemia-lavender-mirror-cape-set-for-festive-events-image-1.jpg,luxemia_supplier_REJECTED_BRANDED_IMAGES/luxemia-lavender-mirror-cape-set-for-festive-events-image-1.jpg,Yes,top-right color logo heuristic,"842,20,463,265",No,Likely repeated LaPink mark in upper-right region; saturated logo pixels=50089. Warning: large mask area; inspect for garment/background distortion.,Yes
luxemia-mustard-stone-cape-set-for-festive-events-image-1.jpg,luxemia_supplier_REJECTED_BRANDED_IMAGES/luxemia-mustard-stone-cape-set-for-festive-events-image-1.jpg,Yes,top-right color logo heuristic,"842,20,463,265",No,Likely repeated LaPink mark in upper-right region; saturated logo pixels=76856. Warning: large mask area; inspect for garment/background distortion.,Yes
luxemia-mustard-stone-cape-set-for-festive-events-image-2.jpg,luxemia_supplier_REJECTED_BRANDED_IMAGES/luxemia-mustard-stone-cape-set-for-festive-events-image-2.jpg,Yes,top-right color logo heuristic,"842,20,463,265",No,Likely repeated LaPink mark in upper-right region; saturated logo pixels=68050. Warning: large mask area; inspect for garment/background distortion.,Yes
luxemia-navy-blue-mirror-pre-draped-saree-with-blouse-for-weddings-image-1.jpg,luxemia_supplier_REJECTED_BRANDED_IMAGES/luxemia-navy-blue-mirror-pre-draped-saree-with-blouse-for-weddings-image-1.jpg,Yes,fallback top-right LaPink mask,"913,69,359,178",Yes,Likely repeated LaPink mark in upper-right region; saturated logo pixels=0.,Yes
luxemia-navy-blue-mirror-pre-draped-saree-with-blouse-for-weddings-image-2.jpg,luxemia_supplier_REJECTED_BRANDED_IMAGES/luxemia-navy-blue-mirror-pre-draped-saree-with-blouse-for-weddings-image-2.jpg,Yes,top-right color logo heuristic,"842,20,294,265",Yes,Likely repeated LaPink mark in upper-right region; saturated logo pixels=20730.,No
luxemia-navy-blue-mirror-pre-draped-saree-with-blouse-for-weddings-image-3.jpg,luxemia_supplier_REJECTED_BRANDED_IMAGES/luxemia-navy-blue-mirror-pre-draped-saree-with-blouse-for-weddings-image-3.jpg,Yes,top-right color logo heuristic,"842,20,408,265",No,Likely repeated LaPink mark in upper-right region; saturated logo pixels=33293. Warning: large mask area; inspect for garment/background distortion.,Yes
luxemia-navy-blue-mirror-pre-draped-saree-with-blouse-for-weddings-image-4.jpg,luxemia_supplier_REJECTED_BRANDED_IMAGES/luxemia-navy-blue-mirror-pre-draped-saree-with-blouse-for-weddings-image-4.jpg,Yes,top-right color logo heuristic,"842,20,463,265",No,Likely repeated LaPink mark in upper-right region; saturated logo pixels=52488. Warning: large mask area; inspect for garment/background distortion.,Yes
